key,cov_z_ij
8d|member_1|mue|mui,0.10902881555025165
8d|member_1|mue|b,-0.1509470929366243
8d|member_1|mue|tauA,0.3256003161689663
8d|member_1|mue|g_LK,0.18029999605215505
8d|member_1|mue|g_h,0.10035868198479007
8d|member_1|mue|c_th2ctx,0.018918908626591627
8d|member_1|mue|c_ctx2th,0.18789298242337352
8d|member_1|mui|b,-0.03851626595282318
8d|member_1|mui|tauA,0.017826500274886786
8d|member_1|mui|g_LK,-0.004408235062942377
8d|member_1|mui|g_h,-0.02208557793807928
8d|member_1|mui|c_th2ctx,-0.040593626027901196
8d|member_1|mui|c_ctx2th,0.051174063796899615
8d|member_1|b|tauA,-0.07696148875099017
8d|member_1|tauA|g_LK,0.06446072482094486
8d|member_1|tauA|g_h,-0.0013974414071368057
8d|member_1|tauA|c_th2ctx,0.027183300630190248
8d|member_1|tauA|c_ctx2th,-0.014263879573889339
8d|member_2|mue|mui,0.04321491587986492
8d|member_2|mue|b,-0.059782212703020386
8d|member_2|mue|tauA,0.35608615532160803
8d|member_2|mue|g_LK,0.192189649337191
8d|member_2|mue|g_h,0.0926701874226896
8d|member_2|mue|c_th2ctx,-0.0014687681583682977
8d|member_2|mue|c_ctx2th,0.14781025939446737
8d|member_2|mui|b,-0.02104838624349587
8d|member_2|mui|tauA,0.02809254189204045
8d|member_2|mui|g_LK,0.025852096677120406
8d|member_2|mui|g_h,-0.02438842237945191
8d|member_2|mui|c_th2ctx,-0.08095664246690103
8d|member_2|mui|c_ctx2th,0.016051321839134915
8d|member_2|b|tauA,-0.01563976186979383
8d|member_2|tauA|g_LK,0.0894050961522847
8d|member_2|tauA|g_h,-0.005354229014494597
8d|member_2|tauA|c_th2ctx,-0.016344266293999026
8d|member_2|tauA|c_ctx2th,-0.0047039763873609275
8d|member_3|mue|mui,0.0875993306577881
8d|member_3|mue|b,-0.026269565261544184
8d|member_3|mue|tauA,0.25603743354937814
8d|member_3|mue|g_LK,0.21944415757167163
8d|member_3|mue|g_h,0.0007540994880950561
8d|member_3|mue|c_th2ctx,-0.05517941512221626
8d|member_3|mue|c_ctx2th,0.19899989569986007
8d|member_3|mui|b,-2.0340211176111068e-05
8d|member_3|mui|tauA,0.0005505442290912029
8d|member_3|mui|g_LK,0.024466201081109983
8d|member_3|mui|g_h,-0.01067667669459412
8d|member_3|mui|c_th2ctx,-0.06449247239356955
8d|member_3|mui|c_ctx2th,0.058240840079401
8d|member_3|b|tauA,0.051375229610535054
8d|member_3|tauA|g_LK,0.1025044404380586
8d|member_3|tauA|g_h,-0.10097064205142717
8d|member_3|tauA|c_th2ctx,0.07849884224177311
8d|member_3|tauA|c_ctx2th,-0.0329550426845478
8d|member_4|mue|mui,0.08752871719665545
8d|member_4|mue|b,-0.06802301774945171
8d|member_4|mue|tauA,0.3534598268699411
8d|member_4|mue|g_LK,0.23097113855447202
8d|member_4|mue|g_h,0.07506894116631713
8d|member_4|mue|c_th2ctx,-0.022769479218107933
8d|member_4|mue|c_ctx2th,0.11343238134362682
8d|member_4|mui|b,-0.025553482968150982
8d|member_4|mui|tauA,0.02756683945494295
8d|member_4|mui|g_LK,0.05089455246274653
8d|member_4|mui|g_h,-0.04418728166782014
8d|member_4|mui|c_th2ctx,-0.06096949103295754
8d|member_4|mui|c_ctx2th,-0.0002997956617938028
8d|member_4|b|tauA,-0.05710304616351573
8d|member_4|tauA|g_LK,0.12381293002661034
8d|member_4|tauA|g_h,-0.07249202924758504
8d|member_4|tauA|c_th2ctx,0.010195764106933297
8d|member_4|tauA|c_ctx2th,-0.023759553373273786
8d|member_5|mue|mui,0.04730809344988837
8d|member_5|mue|b,-0.09257951033078139
8d|member_5|mue|tauA,0.2881737737476894
8d|member_5|mue|g_LK,0.22133673723192154
8d|member_5|mue|g_h,0.09999304551173475
8d|member_5|mue|c_th2ctx,-0.014891483298376558
8d|member_5|mue|c_ctx2th,0.15792098565704876
8d|member_5|mui|b,-0.013117865001261046
8d|member_5|mui|tauA,0.09275969645611798
8d|member_5|mui|g_LK,0.013378486779369233
8d|member_5|mui|g_h,-0.0406206332821252
8d|member_5|mui|c_th2ctx,-0.018576671670128917
8d|member_5|mui|c_ctx2th,0.05068460214123767
8d|member_5|b|tauA,-0.04583014053508725
8d|member_5|tauA|g_LK,0.12207774918197764
8d|member_5|tauA|g_h,0.006377332464348698
8d|member_5|tauA|c_th2ctx,0.012296107457059802
8d|member_5|tauA|c_ctx2th,-0.06725025267192301
8d|ensemble|mue|mui,0.06661821826319841
8d|ensemble|mue|b,-0.09792448053761801
8d|ensemble|mue|tauA,0.32719189016823247
8d|ensemble|mue|g_LK,0.21591332333652513
8d|ensemble|mue|g_h,0.0839372883511413
8d|ensemble|mue|c_th2ctx,-0.005478962287742588
8d|ensemble|mue|c_ctx2th,0.1772735145287961
8d|ensemble|mui|b,-0.012073916764063568
8d|ensemble|mui|tauA,0.025377545269062707
8d|ensemble|mui|g_LK,0.014029173002696306
8d|ensemble|mui|g_h,0.01038511228252742
8d|ensemble|mui|c_th2ctx,-0.06651665802784211
8d|ensemble|mui|c_ctx2th,0.041036530189303234
8d|ensemble|b|tauA,-0.06350940603956949
8d|ensemble|tauA|g_LK,0.10268220794265831
8d|ensemble|tauA|g_h,0.00625533095263854
8d|ensemble|tauA|c_th2ctx,-0.010876734189506536
8d|ensemble|tauA|c_ctx2th,-0.024891562006242207
7d|member_1|mue|mui,0.0709265353016
7d|member_1|mue|b,-0.029712558524736806
7d|member_1|mue|tauA,0.2910075485932473
7d|member_1|mue|g_LK,0.20055463800824866
7d|member_1|mue|g_h,0.08204228384465373
7d|member_1|mue|c_th2ctx,0.03454751878092184
7d|member_1|mui|b,0.006300546791370501
7d|member_1|mui|tauA,0.028709860313943233
7d|member_1|mui|g_LK,0.04195432085737616
7d|member_1|mui|g_h,0.013859170361240424
7d|member_1|mui|c_th2ctx,-0.04872306356773331
7d|member_1|b|tauA,0.026174486254297115
7d|member_1|tauA|g_LK,0.0606003599166432
7d|member_1|tauA|g_h,-0.005281609785918101
7d|member_1|tauA|c_th2ctx,-0.054880984343962734
7d|member_2|mue|mui,0.0024106256256604714
7d|member_2|mue|b,0.1056181001823504
7d|member_2|mue|tauA,0.2907979179916897
7d|member_2|mue|g_LK,0.17710294167729299
7d|member_2|mue|g_h,-0.025104073247246585
7d|member_2|mue|c_th2ctx,-0.03501042964767974
7d|member_2|mui|b,-0.024196718895475783
7d|member_2|mui|tauA,-0.0007269378512531442
7d|member_2|mui|g_LK,0.0018088118679365512
7d|member_2|mui|g_h,0.01956119553715099
7d|member_2|mui|c_th2ctx,-0.062346653608585906
7d|member_2|b|tauA,0.04312853486642906
7d|member_2|tauA|g_LK,0.07242321209720477
7d|member_2|tauA|g_h,0.009403978312521346
7d|member_2|tauA|c_th2ctx,-0.08503182588535037
7d|member_3|mue|mui,0.04647288793171285
7d|member_3|mue|b,-0.08427064023940982
7d|member_3|mue|tauA,0.2403216432376703
7d|member_3|mue|g_LK,0.24197445969894388
7d|member_3|mue|g_h,0.14862820024551318
7d|member_3|mue|c_th2ctx,0.01465147947096396
7d|member_3|mui|b,0.030186083784525728
7d|member_3|mui|tauA,-0.044877686657481215
7d|member_3|mui|g_LK,0.040880363877255785
7d|member_3|mui|g_h,-0.0858058761519886
7d|member_3|mui|c_th2ctx,-0.038177479743765334
7d|member_3|b|tauA,-0.027296467327952184
7d|member_3|tauA|g_LK,0.08088073365784665
7d|member_3|tauA|g_h,0.057882101742210305
7d|member_3|tauA|c_th2ctx,-0.015542340691659573
7d|member_4|mue|mui,0.1285563388204945
7d|member_4|mue|b,-0.011613550183142286
7d|member_4|mue|tauA,0.2401812278896586
7d|member_4|mue|g_LK,0.2906173795951923
7d|member_4|mue|g_h,0.03681187294570728
7d|member_4|mue|c_th2ctx,-0.02214948879094814
7d|member_4|mui|b,-0.043164195170677634
7d|member_4|mui|tauA,0.021048625674808866
7d|member_4|mui|g_LK,0.03783494598172982
7d|member_4|mui|g_h,0.03241008935673727
7d|member_4|mui|c_th2ctx,-0.140369784189997
7d|member_4|b|tauA,0.022170042832517618
7d|member_4|tauA|g_LK,0.08774838942871346
7d|member_4|tauA|g_h,0.005190256755569118
7d|member_4|tauA|c_th2ctx,-0.013746227660795196
7d|member_5|mue|mui,0.04360213634918765
7d|member_5|mue|b,-0.011679434164417692
7d|member_5|mue|tauA,0.32030608038256236
7d|member_5|mue|g_LK,0.24034593232686421
7d|member_5|mue|g_h,0.10992574838651656
7d|member_5|mue|c_th2ctx,-0.04284715599429818
7d|member_5|mui|b,-0.014719495232633117
7d|member_5|mui|tauA,-0.019506438793431072
7d|member_5|mui|g_LK,0.0115187675146769
7d|member_5|mui|g_h,-0.023325972342392424
7d|member_5|mui|c_th2ctx,-0.06327268887493384
7d|member_5|b|tauA,-0.0970481234383773
7d|member_5|tauA|g_LK,0.09443353520482854
7d|member_5|tauA|g_h,0.05513408744873816
7d|member_5|tauA|c_th2ctx,-0.028962960147073585
7d|ensemble|mue|mui,0.05047271117577153
7d|ensemble|mue|b,-0.01867479379740988
7d|ensemble|mue|tauA,0.2516843447787209
7d|ensemble|mue|g_LK,0.1998000328119567
7d|ensemble|mue|g_h,0.063108992052701
7d|ensemble|mue|c_th2ctx,0.03216354313089221
7d|ensemble|mui|b,0.004127991201353741
7d|ensemble|mui|tauA,-0.006083132676626246
7d|ensemble|mui|g_LK,0.008640988967414507
7d|ensemble|mui|g_h,0.0045221925914658645
7d|ensemble|mui|c_th2ctx,-0.08145812444012773
7d|ensemble|b|tauA,-0.04734352667628011
7d|ensemble|tauA|g_LK,0.05983171302424325
7d|ensemble|tauA|g_h,0.025328339078628772
7d|ensemble|tauA|c_th2ctx,-0.007289660678724854
