track,member_key,parameter,mean_z,var_z,n_cases,mean_cond,chol_failures,cov_z_frobenius_to_I
8d,member_1,mue,0.11470259630154307,0.7761249900846987,48,182.84635842433624,0,1.6204467914319265
8d,member_1,mui,0.09192607941633058,0.0773373747892535,48,182.84635842433624,0,1.6204467914319265
8d,member_1,b,-0.08876066417762611,0.8880386673898307,48,182.84635842433624,0,1.6204467914319265
8d,member_1,tauA,0.258784441169562,0.3933378884484934,48,182.84635842433624,0,1.6204467914319265
8d,member_1,g_LK,0.17670587859769557,0.5961850069832342,48,182.84635842433624,0,1.6204467914319265
8d,member_1,g_h,0.023042343185279607,1.3097800182139268,48,182.84635842433624,0,1.6204467914319265
8d,member_1,c_th2ctx,0.02130400931580079,0.6793060046999925,48,182.84635842433624,0,1.6204467914319265
8d,member_1,c_ctx2th,-0.015329032425882275,0.9054630774500998,48,182.84635842433624,0,1.6204467914319265
8d,member_2,mue,0.11349940898814453,0.8020557845510992,48,227.38069575292602,0,1.5800830931214573
8d,member_2,mui,0.14113508877933204,0.10404814662193998,48,227.38069575292602,0,1.5800830931214573
8d,member_2,b,-0.10791426013829043,0.8270207622666182,48,227.38069575292602,0,1.5800830931214573
8d,member_2,tauA,0.2052400424321161,0.33627952383879856,48,227.38069575292602,0,1.5800830931214573
8d,member_2,g_LK,0.14803230373370294,0.6020882819804496,48,227.38069575292602,0,1.5800830931214573
8d,member_2,g_h,0.08689748948440262,1.3198202736554472,48,227.38069575292602,0,1.5800830931214573
8d,member_2,c_th2ctx,-0.1392966104072669,0.7208286610911467,48,227.38069575292602,0,1.5800830931214573
8d,member_2,c_ctx2th,-0.0022708757725987266,0.952523152939182,48,227.38069575292602,0,1.5800830931214573
8d,member_3,mue,0.10180083971170201,0.8748331328783829,48,406.07998502116203,0,1.5587863101927781
8d,member_3,mui,0.13313549308111308,0.07000480481126266,48,406.07998502116203,0,1.5587863101927781
8d,member_3,b,-0.026226431835949197,0.8244288289234452,48,406.07998502116203,0,1.5587863101927781
8d,member_3,tauA,0.266857121611563,0.32855884637156396,48,406.07998502116203,0,1.5587863101927781
8d,member_3,g_LK,0.1702987757304637,0.5839120846272644,48,406.07998502116203,0,1.5587863101927781
8d,member_3,g_h,0.13052567688815334,1.2498227184218575,48,406.07998502116203,0,1.5587863101927781
8d,member_3,c_th2ctx,-0.040630510970042284,0.7020779968375847,48,406.07998502116203,0,1.5587863101927781
8d,member_3,c_ctx2th,-0.01140912955111805,0.8555050166592618,48,406.07998502116203,0,1.5587863101927781
8d,member_4,mue,0.1481662657720708,0.8991403042220032,48,129.87716607258196,0,1.5749596266382389
8d,member_4,mui,0.08106722121605377,0.11523162287055824,48,129.87716607258196,0,1.5749596266382389
8d,member_4,b,-0.13372537786534686,0.8951194321314901,48,129.87716607258196,0,1.5749596266382389
8d,member_4,tauA,0.10632091585256752,0.37083231619186335,48,129.87716607258196,0,1.5749596266382389
8d,member_4,g_LK,0.17026334603136092,0.5997277428591712,48,129.87716607258196,0,1.5749596266382389
8d,member_4,g_h,0.09529490893579634,1.3532267786560397,48,129.87716607258196,0,1.5749596266382389
8d,member_4,c_th2ctx,-0.03801858642739309,0.8258514947155224,48,129.87716607258196,0,1.5749596266382389
8d,member_4,c_ctx2th,-0.013237686208606367,0.9407561302850075,48,129.87716607258196,0,1.5749596266382389
8d,member_5,mue,0.12415751743010961,0.7861937127840574,48,182.0970674679437,0,1.4600893817744371
8d,member_5,mui,-0.2912379544409314,0.2469914647465491,48,182.0970674679437,0,1.4600893817744371
8d,member_5,b,-0.11314919805971631,0.8517229118941138,48,182.0970674679437,0,1.4600893817744371
8d,member_5,tauA,0.2592963525805038,0.33494278051706644,48,182.0970674679437,0,1.4600893817744371
8d,member_5,g_LK,0.12883596585746285,0.6448824355983134,48,182.0970674679437,0,1.4600893817744371
8d,member_5,g_h,0.038012371739343874,1.2568131046592004,48,182.0970674679437,0,1.4600893817744371
8d,member_5,c_th2ctx,-0.06055829344711527,0.943996459651609,48,182.0970674679437,0,1.4600893817744371
8d,member_5,c_ctx2th,-0.006887687871148411,0.9182832828043019,48,182.0970674679437,0,1.4600893817744371
8d,ensemble,mue,0.12159131804372915,0.8153362983720711,48,187.4545621080822,0,1.5771261960055203
8d,ensemble,mui,0.049427709951583486,0.05687488965872569,48,187.4545621080822,0,1.5771261960055203
8d,ensemble,b,-0.13049697767817559,0.8264885292196633,48,187.4545621080822,0,1.5771261960055203
8d,ensemble,tauA,0.24705800829502952,0.3462426078214523,48,187.4545621080822,0,1.5771261960055203
8d,ensemble,g_LK,0.15366023949210045,0.5842312798461274,48,187.4545621080822,0,1.5771261960055203
8d,ensemble,g_h,0.08279105011170755,1.1937902466868002,48,187.4545621080822,0,1.5771261960055203
8d,ensemble,c_th2ctx,-0.020440692999477917,0.7211010775055708,48,187.4545621080822,0,1.5771261960055203
8d,ensemble,c_ctx2th,0.0014531756032825822,0.8936450315178425,48,187.4545621080822,0,1.5771261960055203
7d,member_1,mue,0.1447476532877091,0.8812712950470787,48,290.47715914185375,0,1.5183059095066587
7d,member_1,mui,0.05120630709308141,0.06999301072964824,48,290.47715914185375,0,1.5183059095066587
7d,member_1,b,-0.11532061837417283,0.8454875845526164,48,290.47715914185375,0,1.5183059095066587
7d,member_1,tauA,0.022424175622362413,0.29102839673133507,48,290.47715914185375,0,1.5183059095066587
7d,member_1,g_LK,0.15214993201889024,0.5433760571393886,48,290.47715914185375,0,1.5183059095066587
7d,member_1,g_h,0.06393727282074821,1.3892298318015117,48,290.47715914185375,0,1.5183059095066587
7d,member_1,c_th2ctx,-0.09906276395852641,0.7467781106940555,48,290.47715914185375,0,1.5183059095066587
7d,member_2,mue,0.12302336206644106,0.8683159216415638,48,447.7706506885076,0,1.498452445134095
7d,member_2,mui,-0.22969845178475412,0.10103993459773453,48,447.7706506885076,0,1.498452445134095
7d,member_2,b,-0.059185049542955115,0.9299272473372305,48,447.7706506885076,0,1.498452445134095
7d,member_2,tauA,0.20958617331158533,0.3136680098398362,48,447.7706506885076,0,1.498452445134095
7d,member_2,g_LK,0.16811801940610316,0.5311404635485124,48,447.7706506885076,0,1.498452445134095
7d,member_2,g_h,0.07574001854786314,1.2412232642201753,48,447.7706506885076,0,1.498452445134095
7d,member_2,c_th2ctx,-0.08961877042087918,0.6139787283825343,48,447.7706506885076,0,1.498452445134095
7d,member_3,mue,0.15823570682231322,0.8724657439679997,48,303.8020820645523,0,1.4527903882921127
7d,member_3,mui,-0.2237332310897803,0.11073135489363706,48,303.8020820645523,0,1.4527903882921127
7d,member_3,b,0.03839276694553355,0.8559102465368799,48,303.8020820645523,0,1.4527903882921127
7d,member_3,tauA,0.26907225033690707,0.32509254055547526,48,303.8020820645523,0,1.4527903882921127
7d,member_3,g_LK,0.1674892349229394,0.6070150206978169,48,303.8020820645523,0,1.4527903882921127
7d,member_3,g_h,0.006643926157838045,1.2504107263958197,48,303.8020820645523,0,1.4527903882921127
7d,member_3,c_th2ctx,-0.08349665572133928,0.7511469476018032,48,303.8020820645523,0,1.4527903882921127
7d,member_4,mue,0.1573750032727094,0.9417184949314722,48,337.4257369940672,0,1.499065871290969
7d,member_4,mui,-0.20621059973533665,0.14985076225495045,48,337.4257369940672,0,1.499065871290969
7d,member_4,b,-0.1094716629361401,0.9341832668518887,48,337.4257369940672,0,1.499065871290969
7d,member_4,tauA,0.03937307210923396,0.25779396591002746,48,337.4257369940672,0,1.499065871290969
7d,member_4,g_LK,0.1899917565389819,0.5899764756886939,48,337.4257369940672,0,1.499065871290969
7d,member_4,g_h,0.05530460881479544,1.3217092779728226,48,337.4257369940672,0,1.499065871290969
7d,member_4,c_th2ctx,-0.02016854561427445,0.830468239907447,48,337.4257369940672,0,1.499065871290969
7d,member_5,mue,0.11992628109908356,0.8752228724447356,48,299.3193726691581,0,1.4654866413520906
7d,member_5,mui,0.1488698844090303,0.11970380015456387,48,299.3193726691581,0,1.4654866413520906
7d,member_5,b,-0.005935450411982249,0.9577623163105174,48,299.3193726691581,0,1.4654866413520906
7d,member_5,tauA,0.3224671826638557,0.3378468062260478,48,299.3193726691581,0,1.4654866413520906
7d,member_5,g_LK,0.12537294194651882,0.5906432158192275,48,299.3193726691581,0,1.4654866413520906
7d,member_5,g_h,0.11148551353425112,1.231351245087206,48,299.3193726691581,0,1.4654866413520906
7d,member_5,c_th2ctx,-0.05752352134028601,0.818426735474468,48,299.3193726691581,0,1.4654866413520906
7d,ensemble,mue,0.1321320724896565,0.8546521114096887,48,264.4176993916883,0,1.5179235379661336
7d,ensemble,mui,-0.0697183722025597,0.07256089030935617,48,264.4176993916883,0,1.5179235379661336
7d,ensemble,b,-0.057774345119311066,0.7894277405541618,48,264.4176993916883,0,1.5179235379661336
7d,ensemble,tauA,0.19939582661950048,0.24636101340456362,48,264.4176993916883,0,1.5179235379661336
7d,ensemble,g_LK,0.15765184433163124,0.5126600163620664,48,264.4176993916883,0,1.5179235379661336
7d,ensemble,g_h,0.058873835907565904,1.1776475607064034,48,264.4176993916883,0,1.5179235379661336
7d,ensemble,c_th2ctx,-0.07812455917122564,0.6398896288036656,48,264.4176993916883,0,1.5179235379661336
