track,n_train,estimator,parameter,n_cases,n_posterior_samples_per_case,rank_mean,rank_var,tail_low_005,tail_high_095,pit_ecdf_ks,pit_ecdf_ks_pvalue,central_cov_50,central_cov_80,central_cov_90,central_cov_95,bias_unit,mae_unit,mean_posterior_std,is_focus,framing,ranks_npz_sha256
8d,8192,ensemble,mue,1024,1000,0.5233731112637363,0.10198745099652247,0.072265625,0.0947265625,0.08416095623126874,9.291836926645609e-07,0.41015625,0.7138671875,0.8330078125,0.9091796875,-0.019126022702039336,0.14885641368709912,0.1512340114259132,True,protocol-locked hypothesis-driven follow-up on reused diagnostic bank,60adfca45e466ddae2101a3609774992020570fad6c655bbfcab77954826ea8f
8d,8192,ensemble,mui,1024,1000,0.44509982205294707,0.05863112675328823,0.037109375,0.0146484375,0.14116547514985012,2.884505823689052e-18,0.634765625,0.896484375,0.9482421875,0.970703125,0.0038490293991344515,0.012367612844172982,0.035425011533789075,True,protocol-locked hypothesis-driven follow-up on reused diagnostic bank,60adfca45e466ddae2101a3609774992020570fad6c655bbfcab77954826ea8f
8d,8192,ensemble,b,1024,1000,0.49399233578921087,0.08886326360131651,0.056640625,0.0615234375,0.028495918144355648,0.3696352990932066,0.4765625,0.7763671875,0.8818359375,0.931640625,0.00847066715505207,0.10757795585232088,0.1341297428443795,False,protocol-locked hypothesis-driven follow-up on reused diagnostic bank,60adfca45e466ddae2101a3609774992020570fad6c655bbfcab77954826ea8f
8d,8192,ensemble,tauA,1024,1000,0.512471903096903,0.10212531659632945,0.087890625,0.08203125,0.06845693369130867,0.00012868616579627383,0.41796875,0.7099609375,0.830078125,0.8876953125,-0.0138540745319915,0.1912323601427488,0.1923463866187376,True,protocol-locked hypothesis-driven follow-up on reused diagnostic bank,60adfca45e466ddae2101a3609774992020570fad6c655bbfcab77954826ea8f
8d,8192,ensemble,g_LK,1024,1000,0.48622763954795206,0.09035658860997046,0.06640625,0.0595703125,0.04103513673826173,0.06182893928685662,0.466796875,0.7685546875,0.8740234375,0.919921875,0.030797711790000903,0.15712461077600892,0.18908865205048642,False,protocol-locked hypothesis-driven follow-up on reused diagnostic bank,60adfca45e466ddae2101a3609774992020570fad6c655bbfcab77954826ea8f
8d,8192,ensemble,g_h,1024,1000,0.49412696678321677,0.09173092441084528,0.0810546875,0.0576171875,0.04071904657842158,0.06520454265852804,0.47265625,0.7587890625,0.861328125,0.91015625,0.0209685743375303,0.1681087715896865,0.2044263736679568,False,protocol-locked hypothesis-driven follow-up on reused diagnostic bank,60adfca45e466ddae2101a3609774992020570fad6c655bbfcab77954826ea8f
8d,8192,ensemble,c_th2ctx,1024,1000,0.4932547920829171,0.09959653821275842,0.0703125,0.083984375,0.06083564872627373,0.0009763884718936757,0.4130859375,0.7255859375,0.845703125,0.91796875,-0.044950007657462265,0.16634856010932708,0.18689392402666272,False,protocol-locked hypothesis-driven follow-up on reused diagnostic bank,60adfca45e466ddae2101a3609774992020570fad6c655bbfcab77954826ea8f
8d,8192,ensemble,c_ctx2th,1024,1000,0.5096505057442557,0.08627504665644493,0.0595703125,0.0693359375,0.025378917957042946,0.5163070228489226,0.5009765625,0.7783203125,0.87109375,0.92578125,-0.02097922253778961,0.25164709389900963,0.2835929566717823,False,protocol-locked hypothesis-driven follow-up on reused diagnostic bank,60adfca45e466ddae2101a3609774992020570fad6c655bbfcab77954826ea8f
8d,8192,member_1,mue,1024,1000,0.5233731112637363,0.10198745099652247,0.072265625,0.0947265625,0.08416095623126874,9.291836926645609e-07,0.41015625,0.7138671875,0.8330078125,0.9091796875,-0.019126022702039336,0.14885641368709912,0.1512340114259132,True,protocol-locked hypothesis-driven follow-up on reused diagnostic bank,60adfca45e466ddae2101a3609774992020570fad6c655bbfcab77954826ea8f
8d,8192,member_1,mui,1024,1000,0.44509982205294707,0.05863112675328823,0.037109375,0.0146484375,0.14116547514985012,2.884505823689052e-18,0.634765625,0.896484375,0.9482421875,0.970703125,0.0038490293991344515,0.012367612844172982,0.035425011533789075,True,protocol-locked hypothesis-driven follow-up on reused diagnostic bank,60adfca45e466ddae2101a3609774992020570fad6c655bbfcab77954826ea8f
8d,8192,member_1,b,1024,1000,0.49399233578921087,0.08886326360131651,0.056640625,0.0615234375,0.028495918144355648,0.3696352990932066,0.4765625,0.7763671875,0.8818359375,0.931640625,0.00847066715505207,0.10757795585232088,0.1341297428443795,False,protocol-locked hypothesis-driven follow-up on reused diagnostic bank,60adfca45e466ddae2101a3609774992020570fad6c655bbfcab77954826ea8f
8d,8192,member_1,tauA,1024,1000,0.512471903096903,0.10212531659632945,0.087890625,0.08203125,0.06845693369130867,0.00012868616579627383,0.41796875,0.7099609375,0.830078125,0.8876953125,-0.0138540745319915,0.1912323601427488,0.1923463866187376,True,protocol-locked hypothesis-driven follow-up on reused diagnostic bank,60adfca45e466ddae2101a3609774992020570fad6c655bbfcab77954826ea8f
8d,8192,member_1,g_LK,1024,1000,0.48622763954795206,0.09035658860997046,0.06640625,0.0595703125,0.04103513673826173,0.06182893928685662,0.466796875,0.7685546875,0.8740234375,0.919921875,0.030797711790000903,0.15712461077600892,0.18908865205048642,False,protocol-locked hypothesis-driven follow-up on reused diagnostic bank,60adfca45e466ddae2101a3609774992020570fad6c655bbfcab77954826ea8f
8d,8192,member_1,g_h,1024,1000,0.49412696678321677,0.09173092441084528,0.0810546875,0.0576171875,0.04071904657842158,0.06520454265852804,0.47265625,0.7587890625,0.861328125,0.91015625,0.0209685743375303,0.1681087715896865,0.2044263736679568,False,protocol-locked hypothesis-driven follow-up on reused diagnostic bank,60adfca45e466ddae2101a3609774992020570fad6c655bbfcab77954826ea8f
8d,8192,member_1,c_th2ctx,1024,1000,0.4932547920829171,0.09959653821275842,0.0703125,0.083984375,0.06083564872627373,0.0009763884718936757,0.4130859375,0.7255859375,0.845703125,0.91796875,-0.044950007657462265,0.16634856010932708,0.18689392402666272,False,protocol-locked hypothesis-driven follow-up on reused diagnostic bank,60adfca45e466ddae2101a3609774992020570fad6c655bbfcab77954826ea8f
8d,8192,member_1,c_ctx2th,1024,1000,0.5096505057442557,0.08627504665644493,0.0595703125,0.0693359375,0.025378917957042946,0.5163070228489226,0.5009765625,0.7783203125,0.87109375,0.92578125,-0.02097922253778961,0.25164709389900963,0.2835929566717823,False,protocol-locked hypothesis-driven follow-up on reused diagnostic bank,60adfca45e466ddae2101a3609774992020570fad6c655bbfcab77954826ea8f
8d,32768,ensemble,mue,1024,1000,0.5206941496003996,0.10061773208464311,0.0771484375,0.087890625,0.07157783622627367,5.237741906063496e-05,0.423828125,0.703125,0.8349609375,0.908203125,-0.01726505517035548,0.14753850079250697,0.14914737801154843,True,protocol-locked hypothesis-driven follow-up on reused diagnostic bank,8205980e5fb61e2500ea1ed26c4d04d633bc8946f361f971e08e61c84ccde8b6
8d,32768,ensemble,mui,1024,1000,0.5896379011613386,0.03549759783400535,0.0087890625,0.0087890625,0.2524594546078921,5.235034647431306e-58,0.736328125,0.9501953125,0.982421875,0.9931640625,-0.002452919764436956,0.006101153564486594,0.01713505760062617,True,protocol-locked hypothesis-driven follow-up on reused diagnostic bank,8205980e5fb61e2500ea1ed26c4d04d633bc8946f361f971e08e61c84ccde8b6
8d,32768,ensemble,b,1024,1000,0.5070495910339661,0.084676287787086,0.0537109375,0.0556640625,0.020284403096903103,0.7854500340935979,0.494140625,0.78515625,0.890625,0.9375,-0.0014168176403472899,0.09222120517188159,0.11775258180023229,False,protocol-locked hypothesis-driven follow-up on reused diagnostic bank,8205980e5fb61e2500ea1ed26c4d04d633bc8946f361f971e08e61c84ccde8b6
8d,32768,ensemble,tauA,1024,1000,0.5246843000749251,0.10026761209114185,0.0751953125,0.0927734375,0.07219440715534464,4.364710225526788e-05,0.419921875,0.71484375,0.83203125,0.90234375,-0.019171072945027845,0.18825852038207813,0.19180752861393557,True,protocol-locked hypothesis-driven follow-up on reused diagnostic bank,8205980e5fb61e2500ea1ed26c4d04d633bc8946f361f971e08e61c84ccde8b6
8d,32768,ensemble,g_LK,1024,1000,0.49640691339910087,0.08960377462479684,0.0576171875,0.0654296875,0.029171999875124865,0.3415821723615128,0.4794921875,0.7734375,0.876953125,0.9345703125,0.028602877049706876,0.15023437680792995,0.17362759969910257,False,protocol-locked hypothesis-driven follow-up on reused diagnostic bank,8205980e5fb61e2500ea1ed26c4d04d633bc8946f361f971e08e61c84ccde8b6
8d,32768,ensemble,g_h,1024,1000,0.5071442229645354,0.08582015611403414,0.056640625,0.0546875,0.022730199488012026,0.656669908617856,0.49609375,0.7861328125,0.888671875,0.9384765625,0.01716662262151658,0.14822946714957652,0.1933511149363767,False,protocol-locked hypothesis-driven follow-up on reused diagnostic bank,8205980e5fb61e2500ea1ed26c4d04d633bc8946f361f971e08e61c84ccde8b6
8d,32768,ensemble,c_th2ctx,1024,1000,0.4943396447302697,0.09512664062177736,0.0634765625,0.0693359375,0.046029166146353634,0.025280418523178194,0.435546875,0.744140625,0.8671875,0.9228515625,-0.04350025704479776,0.1561473188266973,0.1789944311713043,False,protocol-locked hypothesis-driven follow-up on reused diagnostic bank,8205980e5fb61e2500ea1ed26c4d04d633bc8946f361f971e08e61c84ccde8b6
8d,32768,ensemble,c_ctx2th,1024,1000,0.4986546656468531,0.0840497577141014,0.0556640625,0.0546875,0.012775310626873093,0.9954907521832057,0.5,0.7939453125,0.8896484375,0.939453125,0.0008941287505876971,0.2503202850330126,0.28694049461046234,False,protocol-locked hypothesis-driven follow-up on reused diagnostic bank,8205980e5fb61e2500ea1ed26c4d04d633bc8946f361f971e08e61c84ccde8b6
8d,32768,member_1,mue,1024,1000,0.5203917176573426,0.10363012984414448,0.0791015625,0.0927734375,0.0855862887112887,5.647349870452476e-07,0.4072265625,0.69921875,0.828125,0.904296875,-0.016634085523037356,0.14772021449425665,0.14595845350231684,True,protocol-locked hypothesis-driven follow-up on reused diagnostic bank,8205980e5fb61e2500ea1ed26c4d04d633bc8946f361f971e08e61c84ccde8b6
8d,32768,member_1,mui,1024,1000,0.6744525006243756,0.04515400021418701,0.0107421875,0.044921875,0.307943033528971,1.0248449691112907e-86,0.5166015625,0.8583984375,0.9443359375,0.9755859375,-0.0050728605251606496,0.008349082136646757,0.018385189681339398,True,protocol-locked hypothesis-driven follow-up on reused diagnostic bank,8205980e5fb61e2500ea1ed26c4d04d633bc8946f361f971e08e61c84ccde8b6
8d,32768,member_1,b,1024,1000,0.5098836710164835,0.0891561707383847,0.060546875,0.0615234375,0.03679133366633369,0.12196481184413366,0.4794921875,0.7646484375,0.8779296875,0.9404296875,-0.0034935352741740644,0.09837701373908203,0.12037493943353184,False,protocol-locked hypothesis-driven follow-up on reused diagnostic bank,8205980e5fb61e2500ea1ed26c4d04d633bc8946f361f971e08e61c84ccde8b6
8d,32768,member_1,tauA,1024,1000,0.5252111170079921,0.10256464966933886,0.0751953125,0.095703125,0.07803134365634368,7.1870543162326936e-06,0.408203125,0.703125,0.8291015625,0.890625,-0.022252802777074976,0.18902257946683676,0.1887115189801989,True,protocol-locked hypothesis-driven follow-up on reused diagnostic bank,8205980e5fb61e2500ea1ed26c4d04d633bc8946f361f971e08e61c84ccde8b6
8d,32768,member_1,g_LK,1024,1000,0.4994712318931069,0.09450464315049648,0.0576171875,0.0771484375,0.03942834509240756,0.08066652264550189,0.44921875,0.7470703125,0.865234375,0.9208984375,0.028055011523974827,0.15183399306988576,0.17327213941280206,False,protocol-locked hypothesis-driven follow-up on reused diagnostic bank,8205980e5fb61e2500ea1ed26c4d04d633bc8946f361f971e08e61c84ccde8b6
8d,32768,member_1,g_h,1024,1000,0.499068314498002,0.08625999819189363,0.0673828125,0.0537109375,0.02363456855644356,0.6079359850511298,0.4931640625,0.787109375,0.87890625,0.93359375,0.022203155951501685,0.15414966126081708,0.19912572662724415,False,protocol-locked hypothesis-driven follow-up on reused diagnostic bank,8205980e5fb61e2500ea1ed26c4d04d633bc8946f361f971e08e61c84ccde8b6
8d,32768,member_1,c_th2ctx,1024,1000,0.5008019324425574,0.10127463991702529,0.0703125,0.08203125,0.05571674419330669,0.0033300729888999505,0.4130859375,0.7138671875,0.84765625,0.9091796875,-0.04760718960460508,0.1591747865677462,0.17475288121568155,False,protocol-locked hypothesis-driven follow-up on reused diagnostic bank,8205980e5fb61e2500ea1ed26c4d04d633bc8946f361f971e08e61c84ccde8b6
8d,32768,member_1,c_ctx2th,1024,1000,0.5000019511738262,0.08459648391768829,0.052734375,0.0546875,0.013120668394105917,0.9936420699461564,0.5009765625,0.7919921875,0.892578125,0.935546875,-0.002891395213737269,0.2506477424449258,0.2864085798646556,False,protocol-locked hypothesis-driven follow-up on reused diagnostic bank,8205980e5fb61e2500ea1ed26c4d04d633bc8946f361f971e08e61c84ccde8b6
8d,32768,member_2,mue,1024,1000,0.5168464348151849,0.10098689185635047,0.0810546875,0.087890625,0.0714880822302697,5.377925671441029e-05,0.4228515625,0.6953125,0.8310546875,0.904296875,-0.013236332682936336,0.14735216959707031,0.148818529502023,True,protocol-locked hypothesis-driven follow-up on reused diagnostic bank,8205980e5fb61e2500ea1ed26c4d04d633bc8946f361f971e08e61c84ccde8b6
8d,32768,member_2,mui,1024,1000,0.6584792160964036,0.044431171998009826,0.009765625,0.04296875,0.296224283528971,3.854979352410479e-80,0.5712890625,0.8662109375,0.947265625,0.9755859375,-0.004185595915714657,0.0069082897748558025,0.013170627562885784,True,protocol-locked hypothesis-driven follow-up on reused diagnostic bank,8205980e5fb61e2500ea1ed26c4d04d633bc8946f361f971e08e61c84ccde8b6
8d,32768,member_2,b,1024,1000,0.5018936141983017,0.08602201639615506,0.056640625,0.0576171875,0.01615962162837159,0.9479517991372289,0.4873046875,0.7822265625,0.8857421875,0.93359375,0.0022289091702987207,0.09225906770552683,0.11292273398248653,False,protocol-locked hypothesis-driven follow-up on reused diagnostic bank,8205980e5fb61e2500ea1ed26c4d04d633bc8946f361f971e08e61c84ccde8b6
8d,32768,member_2,tauA,1024,1000,0.5220258257367633,0.10089265012701124,0.080078125,0.0859375,0.0752031171953047,1.752934866197987e-05,0.412109375,0.7119140625,0.833984375,0.89453125,-0.016583855123826652,0.18687651799154992,0.18960320827136457,True,protocol-locked hypothesis-driven follow-up on reused diagnostic bank,8205980e5fb61e2500ea1ed26c4d04d633bc8946f361f971e08e61c84ccde8b6
8d,32768,member_2,g_LK,1024,1000,0.49856393606393606,0.08893090361182386,0.052734375,0.06640625,0.025138923576423555,0.5286135016284306,0.482421875,0.771484375,0.880859375,0.931640625,0.025132822171144653,0.1512059315573424,0.1739938802747929,False,protocol-locked hypothesis-driven follow-up on reused diagnostic bank,8205980e5fb61e2500ea1ed26c4d04d633bc8946f361f971e08e61c84ccde8b6
8d,32768,member_2,g_h,1024,1000,0.5029423701298701,0.0886334293929265,0.06640625,0.064453125,0.02149413086913088,0.7229573704310428,0.482421875,0.7802734375,0.869140625,0.927734375,0.020389369665281265,0.14824715659597132,0.18526236958496156,False,protocol-locked hypothesis-driven follow-up on reused diagnostic bank,8205980e5fb61e2500ea1ed26c4d04d633bc8946f361f971e08e61c84ccde8b6
8d,32768,member_2,c_th2ctx,1024,1000,0.466819313499001,0.09498903365244535,0.0859375,0.0556640625,0.07869474275724275,5.802939211450258e-06,0.439453125,0.7275390625,0.8583984375,0.91796875,-0.021816664324433077,0.1549611008958891,0.17986190763986087,False,protocol-locked hypothesis-driven follow-up on reused diagnostic bank,8205980e5fb61e2500ea1ed26c4d04d633bc8946f361f971e08e61c84ccde8b6
8d,32768,member_2,c_ctx2th,1024,1000,0.49657568993506496,0.0848923031820207,0.0556640625,0.05078125,0.015028916396103875,0.972199370240513,0.501953125,0.7880859375,0.8935546875,0.9462890625,0.004519019361396204,0.25053970838598616,0.28593770651787054,False,protocol-locked hypothesis-driven follow-up on reused diagnostic bank,8205980e5fb61e2500ea1ed26c4d04d633bc8946f361f971e08e61c84ccde8b6
8d,32768,member_3,mue,1024,1000,0.5127236045204795,0.0980588329639915,0.078125,0.0859375,0.05363971965534464,0.005312570930341263,0.4462890625,0.7158203125,0.8359375,0.908203125,-0.007780678153721965,0.14629571464502078,0.15156429246417247,True,protocol-locked hypothesis-driven follow-up on reused diagnostic bank,8205980e5fb61e2500ea1ed26c4d04d633bc8946f361f971e08e61c84ccde8b6
8d,32768,member_3,mui,1024,1000,0.6544002872127872,0.04805282863350163,0.0087890625,0.046875,0.283596286525974,2.301461173571775e-73,0.546875,0.8720703125,0.9443359375,0.98046875,-0.0031546209497719246,0.005638827491111442,0.010799054411791076,True,protocol-locked hypothesis-driven follow-up on reused diagnostic bank,8205980e5fb61e2500ea1ed26c4d04d633bc8946f361f971e08e61c84ccde8b6
8d,32768,member_3,b,1024,1000,0.5217243693806193,0.08498072188867281,0.0458984375,0.0625,0.04340776411088909,0.0409458939316617,0.48828125,0.7763671875,0.8916015625,0.9296875,-0.0109478577360278,0.08218329065130092,0.10474577749482705,False,protocol-locked hypothesis-driven follow-up on reused diagnostic bank,8205980e5fb61e2500ea1ed26c4d04d633bc8946f361f971e08e61c84ccde8b6
8d,32768,member_3,tauA,1024,1000,0.5201078218656343,0.098033317483437,0.07421875,0.09375,0.06832230269730266,0.0001336534934018693,0.431640625,0.7275390625,0.83203125,0.900390625,-0.005750839616666781,0.1867957034301071,0.1942215531889815,True,protocol-locked hypothesis-driven follow-up on reused diagnostic bank,8205980e5fb61e2500ea1ed26c4d04d633bc8946f361f971e08e61c84ccde8b6
8d,32768,member_3,g_LK,1024,1000,0.4979259022227772,0.0893305341159883,0.0595703125,0.072265625,0.0318997408841159,0.24317502774166322,0.4775390625,0.775390625,0.8681640625,0.92578125,0.025253471854739473,0.14881168097963382,0.16884104632845265,False,protocol-locked hypothesis-driven follow-up on reused diagnostic bank,8205980e5fb61e2500ea1ed26c4d04d633bc8946f361f971e08e61c84ccde8b6
8d,32768,member_3,g_h,1024,1000,0.5140591830044955,0.0884506032137766,0.060546875,0.0634765625,0.03500015609390611,0.15887270941056242,0.4755859375,0.763671875,0.8759765625,0.9296875,0.013095636235448183,0.14110877109669673,0.1751543535701785,False,protocol-locked hypothesis-driven follow-up on reused diagnostic bank,8205980e5fb61e2500ea1ed26c4d04d633bc8946f361f971e08e61c84ccde8b6
8d,32768,member_3,c_th2ctx,1024,1000,0.4985571069555445,0.09462595046934588,0.0654296875,0.072265625,0.0403600305944056,0.06922813103226644,0.451171875,0.7265625,0.8623046875,0.919921875,-0.04303679607619415,0.15489950310075074,0.17336549910760368,False,protocol-locked hypothesis-driven follow-up on reused diagnostic bank,8205980e5fb61e2500ea1ed26c4d04d633bc8946f361f971e08e61c84ccde8b6
8d,32768,member_3,c_ctx2th,1024,1000,0.49499328796203795,0.08415735271041803,0.0517578125,0.0517578125,0.01797226211288716,0.8893480550148171,0.494140625,0.7958984375,0.896484375,0.9453125,0.006150578699816833,0.25144830994941003,0.2877576239989139,False,protocol-locked hypothesis-driven follow-up on reused diagnostic bank,8205980e5fb61e2500ea1ed26c4d04d633bc8946f361f971e08e61c84ccde8b6
8d,32768,member_4,mue,1024,1000,0.5315212131618382,0.10492650848110775,0.083984375,0.1015625,0.09519484421828173,1.5802545252922986e-08,0.40625,0.6845703125,0.814453125,0.890625,-0.025384122014656896,0.1487406009764527,0.14428572343786072,True,protocol-locked hypothesis-driven follow-up on reused diagnostic bank,8205980e5fb61e2500ea1ed26c4d04d633bc8946f361f971e08e61c84ccde8b6
8d,32768,member_4,mui,1024,1000,0.6612411026473527,0.04491028138362292,0.0107421875,0.0498046875,0.29614526098901095,4.260094516299401e-80,0.5595703125,0.8662109375,0.939453125,0.9765625,-0.0049823727958937525,0.009000035941426177,0.020166889219581208,True,protocol-locked hypothesis-driven follow-up on reused diagnostic bank,8205980e5fb61e2500ea1ed26c4d04d633bc8946f361f971e08e61c84ccde8b6
8d,32768,member_4,b,1024,1000,0.5030467579295704,0.08891536331008,0.0576171875,0.0625,0.024634545142357633,0.554832997158443,0.4775390625,0.7705078125,0.8798828125,0.9287109375,0.00300925474948599,0.10136700284783728,0.12322665419378609,False,protocol-locked hypothesis-driven follow-up on reused diagnostic bank,8205980e5fb61e2500ea1ed26c4d04d633bc8946f361f971e08e61c84ccde8b6
8d,32768,member_4,tauA,1024,1000,0.5298666177572429,0.10448616953579871,0.0859375,0.103515625,0.08628188218031974,4.415519444802714e-07,0.4140625,0.68359375,0.810546875,0.880859375,-0.02877621489824378,0.18996959092692123,0.18619505274182302,True,protocol-locked hypothesis-driven follow-up on reused diagnostic bank,8205980e5fb61e2500ea1ed26c4d04d633bc8946f361f971e08e61c84ccde8b6
8d,32768,member_4,g_LK,1024,1000,0.5073461694555446,0.09539766257859153,0.056640625,0.072265625,0.04288582511238759,0.04492056072214701,0.4404296875,0.7421875,0.87109375,0.9306640625,0.0205284668954846,0.15223755457191146,0.17237385488624568,False,protocol-locked hypothesis-driven follow-up on reused diagnostic bank,8205980e5fb61e2500ea1ed26c4d04d633bc8946f361f971e08e61c84ccde8b6
8d,32768,member_4,g_h,1024,1000,0.5121597152847153,0.08923524062563909,0.0595703125,0.06640625,0.03551331481018982,0.1474855047470639,0.478515625,0.763671875,0.8740234375,0.921875,0.014048591094251606,0.15963535722949018,0.1977680282343499,False,protocol-locked hypothesis-driven follow-up on reused diagnostic bank,8205980e5fb61e2500ea1ed26c4d04d633bc8946f361f971e08e61c84ccde8b6
8d,32768,member_4,c_th2ctx,1024,1000,0.5049140312812188,0.09763039160834765,0.0634765625,0.0712890625,0.049981268731268735,0.011584433947653194,0.421875,0.7421875,0.865234375,0.9208984375,-0.053749629310914315,0.16016561380092753,0.1786876258229313,False,protocol-locked hypothesis-driven follow-up on reused diagnostic bank,8205980e5fb61e2500ea1ed26c4d04d633bc8946f361f971e08e61c84ccde8b6
8d,32768,member_4,c_ctx2th,1024,1000,0.49484597433816185,0.08404156211447379,0.0556640625,0.0498046875,0.018622002997003007,0.8629424956116889,0.5068359375,0.7978515625,0.89453125,0.9404296875,0.0071170496794366045,0.2505825756506965,0.28668692232167814,False,protocol-locked hypothesis-driven follow-up on reused diagnostic bank,8205980e5fb61e2500ea1ed26c4d04d633bc8946f361f971e08e61c84ccde8b6
8d,32768,member_5,mue,1024,1000,0.5220307036713288,0.09983238120417794,0.076171875,0.0859375,0.06632430069930073,0.00023241944689091824,0.4228515625,0.7001953125,0.837890625,0.9111328125,-0.020583544946930488,0.14842487862733833,0.1504949529971782,True,protocol-locked hypothesis-driven follow-up on reused diagnostic bank,8205980e5fb61e2500ea1ed26c4d04d633bc8946f361f971e08e61c84ccde8b6
8d,32768,member_5,mui,1024,1000,0.301432942057942,0.04244965233170576,0.07421875,0.0009765625,0.346174333479021,3.964462492657772e-110,0.4697265625,0.8408203125,0.9248046875,0.96484375,0.00659836570139305,0.009015393637128,0.016604413297500287,True,protocol-locked hypothesis-driven follow-up on reused diagnostic bank,8205980e5fb61e2500ea1ed26c4d04d633bc8946f361f971e08e61c84ccde8b6
8d,32768,member_5,b,1024,1000,0.4986263736263736,0.08845144853418105,0.06640625,0.056640625,0.021512667020479492,0.7219754117119148,0.4755859375,0.7802734375,0.876953125,0.931640625,0.0008683378200657899,0.09669902655696205,0.11654389381692454,False,protocol-locked hypothesis-driven follow-up on reused diagnostic bank,8205980e5fb61e2500ea1ed26c4d04d633bc8946f361f971e08e61c84ccde8b6
8d,32768,member_5,tauA,1024,1000,0.5258715893481518,0.09893348886239185,0.0703125,0.09375,0.0699612887112887,8.385553387391645e-05,0.4267578125,0.72265625,0.8359375,0.8994140625,-0.021037336948211305,0.19045258018013556,0.19473349001600582,True,protocol-locked hypothesis-driven follow-up on reused diagnostic bank,8205980e5fb61e2500ea1ed26c4d04d633bc8946f361f971e08e61c84ccde8b6
8d,32768,member_5,g_LK,1024,1000,0.47996144480519476,0.08999227392944197,0.06640625,0.0546875,0.05136269980019981,0.00868636234651192,0.4716796875,0.76953125,0.87890625,0.931640625,0.04257137163222069,0.15336101044522366,0.1729086168888898,False,protocol-locked hypothesis-driven follow-up on reused diagnostic bank,8205980e5fb61e2500ea1ed26c4d04d633bc8946f361f971e08e61c84ccde8b6
8d,32768,member_5,g_h,1024,1000,0.5068525224775224,0.08571573379419492,0.0546875,0.05859375,0.025119411838161798,0.5296190843536472,0.4912109375,0.7841796875,0.88671875,0.93359375,0.01596397313005582,0.14951735340764571,0.19845681111473823,False,protocol-locked hypothesis-driven follow-up on reused diagnostic bank,8205980e5fb61e2500ea1ed26c4d04d633bc8946f361f971e08e61c84ccde8b6
8d,32768,member_5,c_th2ctx,1024,1000,0.5016419127747253,0.09589782975006107,0.064453125,0.072265625,0.04105757523726272,0.06159510340358565,0.4267578125,0.7431640625,0.86328125,0.91796875,-0.05011976394234807,0.1573228081506386,0.18154232112283353,False,protocol-locked hypothesis-driven follow-up on reused diagnostic bank,8205980e5fb61e2500ea1ed26c4d04d633bc8946f361f971e08e61c84ccde8b6
8d,32768,member_5,c_ctx2th,1024,1000,0.505578405969031,0.08524944204178597,0.056640625,0.06640625,0.016955700549450503,0.9251321479642158,0.50390625,0.7861328125,0.876953125,0.93359375,-0.009661753896580194,0.2523838875913498,0.28551710925239604,False,protocol-locked hypothesis-driven follow-up on reused diagnostic bank,8205980e5fb61e2500ea1ed26c4d04d633bc8946f361f971e08e61c84ccde8b6
7d,8192,ensemble,mue,1024,1000,0.49721372377622375,0.10507837203630413,0.1005859375,0.0888671875,0.06824230457042957,0.0001366906061108803,0.40625,0.6943359375,0.810546875,0.896484375,-0.0015533941204921575,0.14985579743915878,0.1495862501396914,True,protocol-locked hypothesis-driven follow-up on reused diagnostic bank,4aca81a3342aa61b2cca84be4c1cf38f0337ef683b06a4e72532bd52545f2470
7d,8192,ensemble,mui,1024,1000,0.4558829842032967,0.053816550046295715,0.0380859375,0.0078125,0.15120036213786214,6.652192818109137e-21,0.6796875,0.892578125,0.9541015625,0.9736328125,0.006469192436270532,0.013584320977315656,0.0452592348538019,True,protocol-locked hypothesis-driven follow-up on reused diagnostic bank,4aca81a3342aa61b2cca84be4c1cf38f0337ef683b06a4e72532bd52545f2470
7d,8192,ensemble,b,1024,1000,0.4946401254995005,0.09197783056469962,0.0693359375,0.0732421875,0.03300800761738262,0.20983650848957203,0.4658203125,0.744140625,0.857421875,0.923828125,0.01116918093066488,0.11304264586397039,0.13766105395552586,False,protocol-locked hypothesis-driven follow-up on reused diagnostic bank,4aca81a3342aa61b2cca84be4c1cf38f0337ef683b06a4e72532bd52545f2470
7d,8192,ensemble,tauA,1024,1000,0.5043530688061938,0.10408239699223414,0.095703125,0.09375,0.06214781312437563,0.0007006458398052401,0.4150390625,0.689453125,0.810546875,0.8837890625,-0.004825442687433679,0.19018184647575254,0.19045116917004634,True,protocol-locked hypothesis-driven follow-up on reused diagnostic bank,4aca81a3342aa61b2cca84be4c1cf38f0337ef683b06a4e72532bd52545f2470
7d,8192,ensemble,g_LK,1024,1000,0.4917250718031968,0.0921395699435086,0.0703125,0.0673828125,0.03967711975524474,0.07746624057063378,0.4482421875,0.7724609375,0.8623046875,0.919921875,0.03050882392199128,0.15889681222688523,0.19099866485703387,False,protocol-locked hypothesis-driven follow-up on reused diagnostic bank,4aca81a3342aa61b2cca84be4c1cf38f0337ef683b06a4e72532bd52545f2470
7d,8192,ensemble,g_h,1024,1000,0.5137323613886113,0.09322722942474708,0.0712890625,0.0703125,0.05409044080919079,0.004807727378257138,0.4541015625,0.7578125,0.8583984375,0.9248046875,0.009685851850008476,0.16491920630323875,0.20042134533287026,False,protocol-locked hypothesis-driven follow-up on reused diagnostic bank,4aca81a3342aa61b2cca84be4c1cf38f0337ef683b06a4e72532bd52545f2470
7d,8192,ensemble,c_th2ctx,1024,1000,0.4964400833541458,0.09718027528384271,0.087890625,0.076171875,0.04882422265234765,0.01465485122395755,0.4482421875,0.728515625,0.8359375,0.9130859375,-0.0461046884447569,0.1715981475863373,0.19781383095687488,False,protocol-locked hypothesis-driven follow-up on reused diagnostic bank,4aca81a3342aa61b2cca84be4c1cf38f0337ef683b06a4e72532bd52545f2470
7d,8192,member_1,mue,1024,1000,0.49721372377622375,0.10507837203630413,0.1005859375,0.0888671875,0.06824230457042957,0.0001366906061108803,0.40625,0.6943359375,0.810546875,0.896484375,-0.0015533941204921575,0.14985579743915878,0.1495862501396914,True,protocol-locked hypothesis-driven follow-up on reused diagnostic bank,4aca81a3342aa61b2cca84be4c1cf38f0337ef683b06a4e72532bd52545f2470
7d,8192,member_1,mui,1024,1000,0.4558829842032967,0.053816550046295715,0.0380859375,0.0078125,0.15120036213786214,6.652192818109137e-21,0.6796875,0.892578125,0.9541015625,0.9736328125,0.006469192436270532,0.013584320977315656,0.0452592348538019,True,protocol-locked hypothesis-driven follow-up on reused diagnostic bank,4aca81a3342aa61b2cca84be4c1cf38f0337ef683b06a4e72532bd52545f2470
7d,8192,member_1,b,1024,1000,0.4946401254995005,0.09197783056469962,0.0693359375,0.0732421875,0.03300800761738262,0.20983650848957203,0.4658203125,0.744140625,0.857421875,0.923828125,0.01116918093066488,0.11304264586397039,0.13766105395552586,False,protocol-locked hypothesis-driven follow-up on reused diagnostic bank,4aca81a3342aa61b2cca84be4c1cf38f0337ef683b06a4e72532bd52545f2470
7d,8192,member_1,tauA,1024,1000,0.5043530688061938,0.10408239699223414,0.095703125,0.09375,0.06214781312437563,0.0007006458398052401,0.4150390625,0.689453125,0.810546875,0.8837890625,-0.004825442687433679,0.19018184647575254,0.19045116917004634,True,protocol-locked hypothesis-driven follow-up on reused diagnostic bank,4aca81a3342aa61b2cca84be4c1cf38f0337ef683b06a4e72532bd52545f2470
7d,8192,member_1,g_LK,1024,1000,0.4917250718031968,0.0921395699435086,0.0703125,0.0673828125,0.03967711975524474,0.07746624057063378,0.4482421875,0.7724609375,0.8623046875,0.919921875,0.03050882392199128,0.15889681222688523,0.19099866485703387,False,protocol-locked hypothesis-driven follow-up on reused diagnostic bank,4aca81a3342aa61b2cca84be4c1cf38f0337ef683b06a4e72532bd52545f2470
7d,8192,member_1,g_h,1024,1000,0.5137323613886113,0.09322722942474708,0.0712890625,0.0703125,0.05409044080919079,0.004807727378257138,0.4541015625,0.7578125,0.8583984375,0.9248046875,0.009685851850008476,0.16491920630323875,0.20042134533287026,False,protocol-locked hypothesis-driven follow-up on reused diagnostic bank,4aca81a3342aa61b2cca84be4c1cf38f0337ef683b06a4e72532bd52545f2470
7d,8192,member_1,c_th2ctx,1024,1000,0.4964400833541458,0.09718027528384271,0.087890625,0.076171875,0.04882422265234765,0.01465485122395755,0.4482421875,0.728515625,0.8359375,0.9130859375,-0.0461046884447569,0.1715981475863373,0.19781383095687488,False,protocol-locked hypothesis-driven follow-up on reused diagnostic bank,4aca81a3342aa61b2cca84be4c1cf38f0337ef683b06a4e72532bd52545f2470
7d,32768,ensemble,mue,1024,1000,0.5188990696803197,0.10098691356267175,0.0810546875,0.091796875,0.07666259521728269,1.1110609412724179e-05,0.41015625,0.7109375,0.8271484375,0.8955078125,-0.012003930502032745,0.146295703105352,0.1481581253137847,True,protocol-locked hypothesis-driven follow-up on reused diagnostic bank,74be2c1c8c94b63e627fccd73ef8274b6be7220eee27124819b63b83fde1222f
7d,32768,ensemble,mui,1024,1000,0.46075506524725274,0.03836356910595207,0.01171875,0.001953125,0.18439275568181823,6.020373642274162e-31,0.7841796875,0.9521484375,0.986328125,0.9931640625,0.0012246498590684496,0.004841848877731536,0.013831179019234696,True,protocol-locked hypothesis-driven follow-up on reused diagnostic bank,74be2c1c8c94b63e627fccd73ef8274b6be7220eee27124819b63b83fde1222f
7d,32768,ensemble,b,1024,1000,0.5060915646853147,0.08706790052730586,0.0556640625,0.0673828125,0.022276551573426562,0.6811322857163876,0.48828125,0.783203125,0.876953125,0.9482421875,-0.0008655484452901874,0.08940476479256176,0.11213438942104403,False,protocol-locked hypothesis-driven follow-up on reused diagnostic bank,74be2c1c8c94b63e627fccd73ef8274b6be7220eee27124819b63b83fde1222f
7d,32768,ensemble,tauA,1024,1000,0.5204239120254746,0.10094884674100306,0.0791015625,0.08984375,0.07035445023726272,7.48605601325765e-05,0.4130859375,0.7099609375,0.8310546875,0.904296875,-0.011323468090267852,0.18624820168770384,0.19028858820456662,True,protocol-locked hypothesis-driven follow-up on reused diagnostic bank,74be2c1c8c94b63e627fccd73ef8274b6be7220eee27124819b63b83fde1222f
7d,32768,ensemble,g_LK,1024,1000,0.5045286744505495,0.09139349002440228,0.05078125,0.0625,0.03636597777222772,0.1300244155063428,0.447265625,0.775390625,0.88671875,0.9404296875,0.015854438930546166,0.1497811343324429,0.16879180803334748,False,protocol-locked hypothesis-driven follow-up on reused diagnostic bank,74be2c1c8c94b63e627fccd73ef8274b6be7220eee27124819b63b83fde1222f
7d,32768,ensemble,g_h,1024,1000,0.5073559253246753,0.08454686752392529,0.05859375,0.048828125,0.02927443650099898,0.3374578474928609,0.5029296875,0.78125,0.892578125,0.9326171875,0.01591640840160835,0.1423891085487412,0.18530537070910214,False,protocol-locked hypothesis-driven follow-up on reused diagnostic bank,74be2c1c8c94b63e627fccd73ef8274b6be7220eee27124819b63b83fde1222f
7d,32768,ensemble,c_th2ctx,1024,1000,0.4969629979395604,0.09465633203287536,0.0595703125,0.0712890625,0.04344873876123878,0.0406472493487362,0.443359375,0.744140625,0.869140625,0.9189453125,-0.04651754060614621,0.15105252116336487,0.17234399007429602,False,protocol-locked hypothesis-driven follow-up on reused diagnostic bank,74be2c1c8c94b63e627fccd73ef8274b6be7220eee27124819b63b83fde1222f
7d,32768,member_1,mue,1024,1000,0.5221058238636364,0.09875586579915459,0.0771484375,0.087890625,0.06916423420329665,0.00010533797951640279,0.431640625,0.7177734375,0.8349609375,0.904296875,-0.01438276244334702,0.14783905606418557,0.1514751299873751,True,protocol-locked hypothesis-driven follow-up on reused diagnostic bank,74be2c1c8c94b63e627fccd73ef8274b6be7220eee27124819b63b83fde1222f
7d,32768,member_1,mui,1024,1000,0.6323920220404595,0.047799779220127,0.0087890625,0.0390625,0.25764469905094906,1.9656804286928608e-60,0.5986328125,0.873046875,0.9521484375,0.9853515625,-0.0034116145084226446,0.005936753424521157,0.011441969018733289,True,protocol-locked hypothesis-driven follow-up on reused diagnostic bank,74be2c1c8c94b63e627fccd73ef8274b6be7220eee27124819b63b83fde1222f
7d,32768,member_1,b,1024,1000,0.4951591377372627,0.0892929822411608,0.0654296875,0.0673828125,0.02369115259740262,0.604901448186699,0.482421875,0.7626953125,0.8671875,0.931640625,0.003409271250347956,0.09147185250731127,0.11062798852617561,False,protocol-locked hypothesis-driven follow-up on reused diagnostic bank,74be2c1c8c94b63e627fccd73ef8274b6be7220eee27124819b63b83fde1222f
7d,32768,member_1,tauA,1024,1000,0.5208268294205795,0.09885839182069894,0.0732421875,0.0888671875,0.06658283123126874,0.00021656201934096585,0.4287109375,0.72265625,0.837890625,0.9013671875,-0.009412276289367583,0.1884697215646156,0.19436230538667587,True,protocol-locked hypothesis-driven follow-up on reused diagnostic bank,74be2c1c8c94b63e627fccd73ef8274b6be7220eee27124819b63b83fde1222f
7d,32768,member_1,g_LK,1024,1000,0.5126240946553446,0.09617385217202372,0.056640625,0.068359375,0.06255268169330674,0.0006315499059349814,0.4228515625,0.75390625,0.875,0.9296875,0.0062793183387839235,0.15081380454648752,0.16267967132989725,False,protocol-locked hypothesis-driven follow-up on reused diagnostic bank,74be2c1c8c94b63e627fccd73ef8274b6be7220eee27124819b63b83fde1222f
7d,32768,member_1,g_h,1024,1000,0.5095383132492508,0.0877328118978142,0.060546875,0.060546875,0.033887011426073976,0.18597935884697325,0.494140625,0.763671875,0.87890625,0.9267578125,0.018195435406596516,0.14629638030055503,0.17981832298028166,False,protocol-locked hypothesis-driven follow-up on reused diagnostic bank,74be2c1c8c94b63e627fccd73ef8274b6be7220eee27124819b63b83fde1222f
7d,32768,member_1,c_th2ctx,1024,1000,0.48883343219280717,0.10083306944284813,0.0859375,0.072265625,0.07352998563936064,2.9247372536090487e-05,0.4150390625,0.70703125,0.841796875,0.900390625,-0.046420857488556067,0.15458617180775036,0.16772359862807207,False,protocol-locked hypothesis-driven follow-up on reused diagnostic bank,74be2c1c8c94b63e627fccd73ef8274b6be7220eee27124819b63b83fde1222f
7d,32768,member_2,mue,1024,1000,0.5085061422952049,0.0994768039829461,0.0830078125,0.08984375,0.0558630822302697,0.003220114068090584,0.427734375,0.7216796875,0.8271484375,0.9013671875,-0.0005719011478504399,0.1452203418211866,0.15060490836913232,True,protocol-locked hypothesis-driven follow-up on reused diagnostic bank,74be2c1c8c94b63e627fccd73ef8274b6be7220eee27124819b63b83fde1222f
7d,32768,member_2,mui,1024,1000,0.3320810049325674,0.04764026836713074,0.0751953125,0.0029296875,0.2832597090409591,3.453377096884704e-73,0.5537109375,0.822265625,0.921875,0.9609375,0.003566714175121888,0.005257984230865986,0.00924161905800247,True,protocol-locked hypothesis-driven follow-up on reused diagnostic bank,74be2c1c8c94b63e627fccd73ef8274b6be7220eee27124819b63b83fde1222f
7d,32768,member_2,b,1024,1000,0.4982361388611389,0.09040083203090285,0.0693359375,0.0693359375,0.03278362262737264,0.21628781519687545,0.4873046875,0.7509765625,0.861328125,0.93359375,0.0006055379108147463,0.08050832553090004,0.09617748410710192,False,protocol-locked hypothesis-driven follow-up on reused diagnostic bank,74be2c1c8c94b63e627fccd73ef8274b6be7220eee27124819b63b83fde1222f
7d,32768,member_2,tauA,1024,1000,0.5156084150224776,0.0993728540871275,0.078125,0.0927734375,0.059993717220279685,0.0012035856699188566,0.4306640625,0.720703125,0.8291015625,0.8994140625,-0.004946984288835665,0.18556610059386003,0.19298577324116195,True,protocol-locked hypothesis-driven follow-up on reused diagnostic bank,74be2c1c8c94b63e627fccd73ef8274b6be7220eee27124819b63b83fde1222f
7d,32768,member_2,g_LK,1024,1000,0.49595326548451546,0.09019219926984265,0.0576171875,0.0595703125,0.034569922265234754,0.1689509075019746,0.45703125,0.77734375,0.8828125,0.93359375,0.011432926738052629,0.14875684028083924,0.16617116644738417,False,protocol-locked hypothesis-driven follow-up on reused diagnostic bank,74be2c1c8c94b63e627fccd73ef8274b6be7220eee27124819b63b83fde1222f
7d,32768,member_2,g_h,1024,1000,0.5089763751873126,0.08770332361647515,0.05859375,0.0615234375,0.027051073926073976,0.43428849618701326,0.50390625,0.7685546875,0.8798828125,0.921875,0.012546796338938293,0.13436095742690668,0.1650424199142435,False,protocol-locked hypothesis-driven follow-up on reused diagnostic bank,74be2c1c8c94b63e627fccd73ef8274b6be7220eee27124819b63b83fde1222f
7d,32768,member_2,c_th2ctx,1024,1000,0.5004312094155844,0.09270805444292651,0.07421875,0.064453125,0.031437312687312674,0.25819867821862186,0.453125,0.7490234375,0.861328125,0.912109375,-0.0476326935859106,0.1459003175732505,0.16852462886527064,False,protocol-locked hypothesis-driven follow-up on reused diagnostic bank,74be2c1c8c94b63e627fccd73ef8274b6be7220eee27124819b63b83fde1222f
7d,32768,member_3,mue,1024,1000,0.5254208681943057,0.10504889300663668,0.0830078125,0.09765625,0.09080567869630374,8.487594696769103e-08,0.38671875,0.693359375,0.8193359375,0.8916015625,-0.017078186387152527,0.14702428553391655,0.1435381525698176,True,protocol-locked hypothesis-driven follow-up on reused diagnostic bank,74be2c1c8c94b63e627fccd73ef8274b6be7220eee27124819b63b83fde1222f
7d,32768,member_3,mui,1024,1000,0.3301200752372627,0.04780022707305685,0.0830078125,0.0029296875,0.304530430506993,8.998738827027428e-85,0.5322265625,0.8369140625,0.9140625,0.953125,0.004323495244989317,0.0062763339988123334,0.012093430274944694,True,protocol-locked hypothesis-driven follow-up on reused diagnostic bank,74be2c1c8c94b63e627fccd73ef8274b6be7220eee27124819b63b83fde1222f
7d,32768,member_3,b,1024,1000,0.5321553446553446,0.08913884529178326,0.0517578125,0.0888671875,0.058704966908091905,0.0016485224411236286,0.474609375,0.771484375,0.859375,0.9326171875,-0.011408331505663227,0.09283473841060186,0.11142293839293416,False,protocol-locked hypothesis-driven follow-up on reused diagnostic bank,74be2c1c8c94b63e627fccd73ef8274b6be7220eee27124819b63b83fde1222f
7d,32768,member_3,tauA,1024,1000,0.5193683269855145,0.10375822445070496,0.08203125,0.091796875,0.07845865072427571,6.263267768134832e-06,0.404296875,0.69921875,0.826171875,0.8994140625,-0.012573280662763864,0.18641902523086173,0.1858326319106709,True,protocol-locked hypothesis-driven follow-up on reused diagnostic bank,74be2c1c8c94b63e627fccd73ef8274b6be7220eee27124819b63b83fde1222f
7d,32768,member_3,g_LK,1024,1000,0.5090436906843157,0.0926134206745984,0.0517578125,0.0751953125,0.04675890515734271,0.02199398968428137,0.4580078125,0.76171875,0.873046875,0.939453125,0.015134518833292532,0.1509948570292181,0.16727862041989283,False,protocol-locked hypothesis-driven follow-up on reused diagnostic bank,74be2c1c8c94b63e627fccd73ef8274b6be7220eee27124819b63b83fde1222f
7d,32768,member_3,g_h,1024,1000,0.5103334165834166,0.08631455632255419,0.05859375,0.0546875,0.03631232049200794,0.13107123824424027,0.486328125,0.7890625,0.88671875,0.927734375,0.014104215018960531,0.1504371605024062,0.19095120758356643,False,protocol-locked hypothesis-driven follow-up on reused diagnostic bank,74be2c1c8c94b63e627fccd73ef8274b6be7220eee27124819b63b83fde1222f
7d,32768,member_3,c_th2ctx,1024,1000,0.4961298467157842,0.09654604181902339,0.0654296875,0.0771484375,0.04976761519730269,0.012103446789077403,0.4228515625,0.736328125,0.857421875,0.9140625,-0.04606689514184836,0.15419691277929815,0.17391731145653466,False,protocol-locked hypothesis-driven follow-up on reused diagnostic bank,74be2c1c8c94b63e627fccd73ef8274b6be7220eee27124819b63b83fde1222f
7d,32768,member_4,mue,1024,1000,0.5224453281093906,0.10462138080520374,0.0869140625,0.099609375,0.0845424107142857,8.139230936147373e-07,0.4033203125,0.693359375,0.8134765625,0.88671875,-0.015584535040034098,0.14724604803450347,0.1444194884661556,True,protocol-locked hypothesis-driven follow-up on reused diagnostic bank,74be2c1c8c94b63e627fccd73ef8274b6be7220eee27124819b63b83fde1222f
7d,32768,member_4,mui,1024,1000,0.33650626717032966,0.04852623106103439,0.064453125,0.00390625,0.282911424512987,5.25263151042145e-73,0.5341796875,0.8466796875,0.931640625,0.96875,0.004197702728561126,0.006629199126109597,0.012211556887905317,True,protocol-locked hypothesis-driven follow-up on reused diagnostic bank,74be2c1c8c94b63e627fccd73ef8274b6be7220eee27124819b63b83fde1222f
7d,32768,member_4,b,1024,1000,0.48389598682567436,0.09207710681345585,0.0654296875,0.0703125,0.045290646853146876,0.029041927525609523,0.462890625,0.7587890625,0.8642578125,0.923828125,0.008314277320096153,0.09223082512289693,0.1082410897124646,False,protocol-locked hypothesis-driven follow-up on reused diagnostic bank,74be2c1c8c94b63e627fccd73ef8274b6be7220eee27124819b63b83fde1222f
7d,32768,member_4,tauA,1024,1000,0.5169039944430569,0.10382763346923396,0.0888671875,0.09375,0.07447337818431565,2.1945638434566543e-05,0.41015625,0.697265625,0.8173828125,0.89453125,-0.009060833479452413,0.18721959570393665,0.18623905117237882,True,protocol-locked hypothesis-driven follow-up on reused diagnostic bank,74be2c1c8c94b63e627fccd73ef8274b6be7220eee27124819b63b83fde1222f
7d,32768,member_4,g_LK,1024,1000,0.49939708728771226,0.09273822458322847,0.048828125,0.072265625,0.038061547827172804,0.10030178929330624,0.4560546875,0.7626953125,0.87890625,0.9248046875,0.018036389164990396,0.15238493311517232,0.1696438646667957,False,protocol-locked hypothesis-driven follow-up on reused diagnostic bank,74be2c1c8c94b63e627fccd73ef8274b6be7220eee27124819b63b83fde1222f
7d,32768,member_4,g_h,1024,1000,0.5071764173326674,0.08661315968172417,0.0634765625,0.05859375,0.03479820960289709,0.16354197326734843,0.4912109375,0.7724609375,0.8779296875,0.92578125,0.013856482111805235,0.1463676084913459,0.18860645623863093,False,protocol-locked hypothesis-driven follow-up on reused diagnostic bank,74be2c1c8c94b63e627fccd73ef8274b6be7220eee27124819b63b83fde1222f
7d,32768,member_4,c_th2ctx,1024,1000,0.506644722465035,0.09675358526267915,0.0634765625,0.0888671875,0.050529548576423555,0.010343230534404132,0.439453125,0.732421875,0.84765625,0.90625,-0.05064667211991036,0.155651780180051,0.16993721662947792,False,protocol-locked hypothesis-driven follow-up on reused diagnostic bank,74be2c1c8c94b63e627fccd73ef8274b6be7220eee27124819b63b83fde1222f
7d,32768,member_5,mue,1024,1000,0.514053329483017,0.10213910776909395,0.0712890625,0.09375,0.0715885676823177,5.2212156610054244e-05,0.4130859375,0.705078125,0.8349609375,0.9033203125,-0.009834239250267274,0.14727596086049743,0.14767753728119715,True,protocol-locked hypothesis-driven follow-up on reused diagnostic bank,74be2c1c8c94b63e627fccd73ef8274b6be7220eee27124819b63b83fde1222f
7d,32768,member_5,mui,1024,1000,0.6691501857517483,0.048774744431552226,0.009765625,0.052734375,0.300601742007992,1.4533203655427388e-82,0.5087890625,0.83984375,0.9375,0.9775390625,-0.003934260574169457,0.00908263220480876,0.016015731557217805,True,protocol-locked hypothesis-driven follow-up on reused diagnostic bank,74be2c1c8c94b63e627fccd73ef8274b6be7220eee27124819b63b83fde1222f
7d,32768,member_5,b,1024,1000,0.5220277769105894,0.09289754159889008,0.0576171875,0.0703125,0.05635672920829171,0.002873409458313743,0.4541015625,0.748046875,0.8720703125,0.9296875,-0.00782709743543819,0.10291252740898926,0.11904329476419662,False,protocol-locked hypothesis-driven follow-up on reused diagnostic bank,74be2c1c8c94b63e627fccd73ef8274b6be7220eee27124819b63b83fde1222f
7d,32768,member_5,tauA,1024,1000,0.5268920532592407,0.1026549493939274,0.08203125,0.0986328125,0.08065859921328666,3.0479039554921593e-06,0.408203125,0.7041015625,0.8193359375,0.896484375,-0.018435677946399665,0.18819126537346165,0.1886737778368115,True,protocol-locked hypothesis-driven follow-up on reused diagnostic bank,74be2c1c8c94b63e627fccd73ef8274b6be7220eee27124819b63b83fde1222f
7d,32768,member_5,g_LK,1024,1000,0.5043501420454546,0.09518542479522517,0.0615234375,0.06640625,0.050968562687312646,0.009437555815996911,0.419921875,0.7626953125,0.8720703125,0.9248046875,0.024166070877981838,0.15156249501160346,0.1717687230957381,False,protocol-locked hypothesis-driven follow-up on reused diagnostic bank,74be2c1c8c94b63e627fccd73ef8274b6be7220eee27124819b63b83fde1222f
7d,32768,member_5,g_h,1024,1000,0.49991317276473524,0.08241656955151065,0.0517578125,0.048828125,0.018041528783716232,0.8866565859159004,0.5185546875,0.7919921875,0.8994140625,0.943359375,0.021316972059139516,0.14034633450501133,0.19154283022180607,False,protocol-locked hypothesis-driven follow-up on reused diagnostic bank,74be2c1c8c94b63e627fccd73ef8274b6be7220eee27124819b63b83fde1222f
7d,32768,member_5,c_th2ctx,1024,1000,0.49241090940309695,0.09565365317753909,0.0615234375,0.0703125,0.05230511675824173,0.007105309931291609,0.431640625,0.7431640625,0.8681640625,0.9169921875,-0.04225131687417161,0.15110471974912798,0.17500574016594328,False,protocol-locked hypothesis-driven follow-up on reused diagnostic bank,74be2c1c8c94b63e627fccd73ef8274b6be7220eee27124819b63b83fde1222f
