track,member_key,parameter,strategy,metric,delta_vs_clipped,tolerance,exceeds_tolerance
8d,member_1,mue,raw_preclip,pit_ecdf_ks,0.0,0.05,False
8d,member_1,mue,raw_preclip,central_cov_90,0.0,0.03,False
8d,member_1,mue,raw_preclip,rank_mean,0.0,0.03,False
8d,member_1,mue,raw_preclip,bias_unit,0.0,0.02,False
8d,member_1,mue,raw_preclip,boundary_point_mass,0.0,0.02,False
8d,member_1,mue,rejection_in_support,pit_ecdf_ks,0.05981968810916177,0.05,True
8d,member_1,mue,rejection_in_support,central_cov_90,-0.0625,0.03,True
8d,member_1,mue,rejection_in_support,rank_mean,0.022782651072124738,0.03,False
8d,member_1,mue,rejection_in_support,bias_unit,-0.01326444170748194,0.02,False
8d,member_1,mue,rejection_in_support,boundary_point_mass,-0.08492024739583333,0.02,True
8d,member_1,mui,raw_preclip,pit_ecdf_ks,0.0,0.05,False
8d,member_1,mui,raw_preclip,central_cov_90,0.0,0.03,False
8d,member_1,mui,raw_preclip,rank_mean,0.0,0.03,False
8d,member_1,mui,raw_preclip,bias_unit,0.0,0.02,False
8d,member_1,mui,raw_preclip,boundary_point_mass,0.0,0.02,False
8d,member_1,mui,rejection_in_support,pit_ecdf_ks,0.01949317738791423,0.05,False
8d,member_1,mui,rejection_in_support,central_cov_90,0.0,0.03,False
8d,member_1,mui,rejection_in_support,rank_mean,0.004264132553606248,0.03,False
8d,member_1,mui,rejection_in_support,bias_unit,9.397665659586574e-05,0.02,False
8d,member_1,mui,rejection_in_support,boundary_point_mass,-0.008544921875,0.02,False
8d,member_1,b,raw_preclip,pit_ecdf_ks,0.0,0.05,False
8d,member_1,b,raw_preclip,central_cov_90,0.0,0.03,False
8d,member_1,b,raw_preclip,rank_mean,0.0,0.03,False
8d,member_1,b,raw_preclip,bias_unit,0.0,0.02,False
8d,member_1,b,raw_preclip,boundary_point_mass,0.0,0.02,False
8d,member_1,b,rejection_in_support,pit_ecdf_ks,-0.004020467836257313,0.05,False
8d,member_1,b,rejection_in_support,central_cov_90,-0.02083333333333337,0.03,False
8d,member_1,b,rejection_in_support,rank_mean,0.008365821962313169,0.03,False
8d,member_1,b,rejection_in_support,bias_unit,-0.00387446116656065,0.02,False
8d,member_1,b,rejection_in_support,boundary_point_mass,-0.06355794270833333,0.02,True
8d,member_1,tauA,raw_preclip,pit_ecdf_ks,0.0,0.05,False
8d,member_1,tauA,raw_preclip,central_cov_90,0.0,0.03,False
8d,member_1,tauA,raw_preclip,rank_mean,0.0,0.03,False
8d,member_1,tauA,raw_preclip,bias_unit,0.0,0.02,False
8d,member_1,tauA,raw_preclip,boundary_point_mass,0.0,0.02,False
8d,member_1,tauA,rejection_in_support,pit_ecdf_ks,0.012061403508771829,0.05,False
8d,member_1,tauA,rejection_in_support,central_cov_90,-0.0625,0.03,True
8d,member_1,tauA,rejection_in_support,rank_mean,0.024366471734892592,0.03,False
8d,member_1,tauA,rejection_in_support,bias_unit,-0.008411710849031806,0.02,False
8d,member_1,tauA,rejection_in_support,boundary_point_mass,-0.08984375,0.02,True
8d,member_1,g_LK,raw_preclip,pit_ecdf_ks,0.0,0.05,False
8d,member_1,g_LK,raw_preclip,central_cov_90,0.0,0.03,False
8d,member_1,g_LK,raw_preclip,rank_mean,0.0,0.03,False
8d,member_1,g_LK,raw_preclip,bias_unit,0.0,0.02,False
8d,member_1,g_LK,raw_preclip,boundary_point_mass,0.0,0.02,False
8d,member_1,g_LK,rejection_in_support,pit_ecdf_ks,0.009746588693957114,0.05,False
8d,member_1,g_LK,rejection_in_support,central_cov_90,-0.04166666666666663,0.03,True
8d,member_1,g_LK,rejection_in_support,rank_mean,0.013279727095516614,0.03,False
8d,member_1,g_LK,rejection_in_support,bias_unit,-0.008316960224571327,0.02,False
8d,member_1,g_LK,rejection_in_support,boundary_point_mass,-0.049560546875,0.02,True
8d,member_1,g_h,raw_preclip,pit_ecdf_ks,0.0,0.05,False
8d,member_1,g_h,raw_preclip,central_cov_90,0.0,0.03,False
8d,member_1,g_h,raw_preclip,rank_mean,0.0,0.03,False
8d,member_1,g_h,raw_preclip,bias_unit,0.0,0.02,False
8d,member_1,g_h,raw_preclip,boundary_point_mass,0.0,0.02,False
8d,member_1,g_h,rejection_in_support,pit_ecdf_ks,0.015350877192982448,0.05,False
8d,member_1,g_h,rejection_in_support,central_cov_90,-0.02083333333333326,0.03,False
8d,member_1,g_h,rejection_in_support,rank_mean,0.01015269655620532,0.03,False
8d,member_1,g_h,rejection_in_support,bias_unit,-0.004288202617317438,0.02,False
8d,member_1,g_h,rejection_in_support,boundary_point_mass,-0.037923177083333336,0.02,True
8d,member_1,c_th2ctx,raw_preclip,pit_ecdf_ks,0.0,0.05,False
8d,member_1,c_th2ctx,raw_preclip,central_cov_90,0.0,0.03,False
8d,member_1,c_th2ctx,raw_preclip,rank_mean,0.0,0.03,False
8d,member_1,c_th2ctx,raw_preclip,bias_unit,0.0,0.02,False
8d,member_1,c_th2ctx,raw_preclip,boundary_point_mass,0.0,0.02,False
8d,member_1,c_th2ctx,rejection_in_support,pit_ecdf_ks,0.0,0.05,False
8d,member_1,c_th2ctx,rejection_in_support,central_cov_90,-0.08333333333333337,0.03,True
8d,member_1,c_th2ctx,rejection_in_support,rank_mean,0.01153346328784921,0.03,False
8d,member_1,c_th2ctx,rejection_in_support,bias_unit,-0.0032449824114640577,0.02,False
8d,member_1,c_th2ctx,rejection_in_support,boundary_point_mass,-0.033894856770833336,0.02,True
8d,member_1,c_ctx2th,raw_preclip,pit_ecdf_ks,0.0,0.05,False
8d,member_1,c_ctx2th,raw_preclip,central_cov_90,0.0,0.03,False
8d,member_1,c_ctx2th,raw_preclip,rank_mean,0.0,0.03,False
8d,member_1,c_ctx2th,raw_preclip,bias_unit,0.0,0.02,False
8d,member_1,c_ctx2th,raw_preclip,boundary_point_mass,0.0,0.02,False
8d,member_1,c_ctx2th,rejection_in_support,pit_ecdf_ks,-0.010599415204678442,0.05,False
8d,member_1,c_ctx2th,rejection_in_support,central_cov_90,-0.02083333333333337,0.03,False
8d,member_1,c_ctx2th,rejection_in_support,rank_mean,0.001137102014294955,0.03,False
8d,member_1,c_ctx2th,rejection_in_support,bias_unit,-0.003808898851275444,0.02,False
8d,member_1,c_ctx2th,rejection_in_support,boundary_point_mass,-0.016194661458333332,0.02,False
8d,member_2,mue,raw_preclip,pit_ecdf_ks,0.0,0.05,False
8d,member_2,mue,raw_preclip,central_cov_90,0.0,0.03,False
8d,member_2,mue,raw_preclip,rank_mean,0.0,0.03,False
8d,member_2,mue,raw_preclip,bias_unit,0.0,0.02,False
8d,member_2,mue,raw_preclip,boundary_point_mass,0.0,0.02,False
8d,member_2,mue,rejection_in_support,pit_ecdf_ks,0.04410331384015598,0.05,False
8d,member_2,mue,rejection_in_support,central_cov_90,-0.08333333333333337,0.03,True
8d,member_2,mue,rejection_in_support,rank_mean,0.01945256660168937,0.03,False
8d,member_2,mue,rejection_in_support,bias_unit,-0.007733109872788194,0.02,False
8d,member_2,mue,rejection_in_support,boundary_point_mass,-0.07462565104166667,0.02,True
8d,member_2,mui,raw_preclip,pit_ecdf_ks,0.0,0.05,False
8d,member_2,mui,raw_preclip,central_cov_90,0.0,0.03,False
8d,member_2,mui,raw_preclip,rank_mean,0.0,0.03,False
8d,member_2,mui,raw_preclip,bias_unit,0.0,0.02,False
8d,member_2,mui,raw_preclip,boundary_point_mass,0.0,0.02,False
8d,member_2,mui,rejection_in_support,pit_ecdf_ks,0.022173489278752456,0.05,False
8d,member_2,mui,rejection_in_support,central_cov_90,-0.04166666666666674,0.03,True
8d,member_2,mui,rejection_in_support,rank_mean,0.005116959064327409,0.03,False
8d,member_2,mui,rejection_in_support,bias_unit,-2.9635188790658965e-05,0.02,False
8d,member_2,mui,rejection_in_support,boundary_point_mass,-0.0042724609375,0.02,False
8d,member_2,b,raw_preclip,pit_ecdf_ks,0.0,0.05,False
8d,member_2,b,raw_preclip,central_cov_90,0.0,0.03,False
8d,member_2,b,raw_preclip,rank_mean,0.0,0.03,False
8d,member_2,b,raw_preclip,bias_unit,0.0,0.02,False
8d,member_2,b,raw_preclip,boundary_point_mass,0.0,0.02,False
8d,member_2,b,rejection_in_support,pit_ecdf_ks,-0.0020711500974658903,0.05,False
8d,member_2,b,rejection_in_support,central_cov_90,-0.04166666666666663,0.03,True
8d,member_2,b,rejection_in_support,rank_mean,0.0010152696556205432,0.03,False
8d,member_2,b,rejection_in_support,bias_unit,-0.0009643752515936903,0.02,False
8d,member_2,b,rejection_in_support,boundary_point_mass,-0.049763997395833336,0.02,True
8d,member_2,tauA,raw_preclip,pit_ecdf_ks,0.0,0.05,False
8d,member_2,tauA,raw_preclip,central_cov_90,0.0,0.03,False
8d,member_2,tauA,raw_preclip,rank_mean,0.0,0.03,False
8d,member_2,tauA,raw_preclip,bias_unit,0.0,0.02,False
8d,member_2,tauA,raw_preclip,boundary_point_mass,0.0,0.02,False
8d,member_2,tauA,rejection_in_support,pit_ecdf_ks,0.06505847953216376,0.05,True
8d,member_2,tauA,rejection_in_support,central_cov_90,-0.02083333333333337,0.03,False
8d,member_2,tauA,rejection_in_support,rank_mean,0.020955165692007838,0.03,False
8d,member_2,tauA,rejection_in_support,bias_unit,-0.008064990009491645,0.02,False
8d,member_2,tauA,rejection_in_support,boundary_point_mass,-0.0810546875,0.02,True
8d,member_2,g_LK,raw_preclip,pit_ecdf_ks,0.0,0.05,False
8d,member_2,g_LK,raw_preclip,central_cov_90,0.0,0.03,False
8d,member_2,g_LK,raw_preclip,rank_mean,0.0,0.03,False
8d,member_2,g_LK,raw_preclip,bias_unit,0.0,0.02,False
8d,member_2,g_LK,raw_preclip,boundary_point_mass,0.0,0.02,False
8d,member_2,g_LK,rejection_in_support,pit_ecdf_ks,-0.00012183235867449516,0.05,False
8d,member_2,g_LK,rejection_in_support,central_cov_90,-0.04166666666666663,0.03,True
8d,member_2,g_LK,rejection_in_support,rank_mean,0.009137426900584722,0.03,False
8d,member_2,g_LK,rejection_in_support,bias_unit,-0.0034097140111650024,0.02,False
8d,member_2,g_LK,rejection_in_support,boundary_point_mass,-0.043294270833333336,0.02,True
8d,member_2,g_h,raw_preclip,pit_ecdf_ks,0.0,0.05,False
8d,member_2,g_h,raw_preclip,central_cov_90,0.0,0.03,False
8d,member_2,g_h,raw_preclip,rank_mean,0.0,0.03,False
8d,member_2,g_h,raw_preclip,bias_unit,0.0,0.02,False
8d,member_2,g_h,raw_preclip,boundary_point_mass,0.0,0.02,False
8d,member_2,g_h,rejection_in_support,pit_ecdf_ks,0.00974658869395717,0.05,False
8d,member_2,g_h,rejection_in_support,central_cov_90,-0.02083333333333326,0.03,False
8d,member_2,g_h,rejection_in_support,rank_mean,0.003045808966861463,0.03,False
8d,member_2,g_h,rejection_in_support,bias_unit,0.0009590474267800672,0.02,False
8d,member_2,g_h,rejection_in_support,boundary_point_mass,-0.0289306640625,0.02,True
8d,member_2,c_th2ctx,raw_preclip,pit_ecdf_ks,0.0,0.05,False
8d,member_2,c_th2ctx,raw_preclip,central_cov_90,0.0,0.03,False
8d,member_2,c_th2ctx,raw_preclip,rank_mean,0.0,0.03,False
8d,member_2,c_th2ctx,raw_preclip,bias_unit,0.0,0.02,False
8d,member_2,c_th2ctx,raw_preclip,boundary_point_mass,0.0,0.02,False
8d,member_2,c_th2ctx,rejection_in_support,pit_ecdf_ks,-0.010843079922027321,0.05,False
8d,member_2,c_th2ctx,rejection_in_support,central_cov_90,-0.0625,0.03,True
8d,member_2,c_th2ctx,rejection_in_support,rank_mean,0.00020305393112418635,0.03,False
8d,member_2,c_th2ctx,rejection_in_support,bias_unit,-0.0006052229243020263,0.02,False
8d,member_2,c_th2ctx,rejection_in_support,boundary_point_mass,-0.028157552083333332,0.02,True
8d,member_2,c_ctx2th,raw_preclip,pit_ecdf_ks,0.0,0.05,False
8d,member_2,c_ctx2th,raw_preclip,central_cov_90,0.0,0.03,False
8d,member_2,c_ctx2th,raw_preclip,rank_mean,0.0,0.03,False
8d,member_2,c_ctx2th,raw_preclip,bias_unit,0.0,0.02,False
8d,member_2,c_ctx2th,raw_preclip,boundary_point_mass,0.0,0.02,False
8d,member_2,c_ctx2th,rejection_in_support,pit_ecdf_ks,-0.004629629629629761,0.05,False
8d,member_2,c_ctx2th,rejection_in_support,central_cov_90,0.0,0.03,False
8d,member_2,c_ctx2th,rejection_in_support,rank_mean,-0.0004467186484730101,0.03,False
8d,member_2,c_ctx2th,rejection_in_support,bias_unit,-0.0034198981399337445,0.02,False
8d,member_2,c_ctx2th,rejection_in_support,boundary_point_mass,-0.009480794270833334,0.02,False
8d,member_3,mue,raw_preclip,pit_ecdf_ks,0.0,0.05,False
8d,member_3,mue,raw_preclip,central_cov_90,0.0,0.03,False
8d,member_3,mue,raw_preclip,rank_mean,0.0,0.03,False
8d,member_3,mue,raw_preclip,bias_unit,0.0,0.02,False
8d,member_3,mue,raw_preclip,boundary_point_mass,0.0,0.02,False
8d,member_3,mue,rejection_in_support,pit_ecdf_ks,0.01937134502923976,0.05,False
8d,member_3,mue,rejection_in_support,central_cov_90,-0.0625,0.03,True
8d,member_3,mue,rejection_in_support,rank_mean,0.01015269655620532,0.03,False
8d,member_3,mue,rejection_in_support,bias_unit,-0.00323735697505375,0.02,False
8d,member_3,mue,rejection_in_support,boundary_point_mass,-0.0631103515625,0.02,True
8d,member_3,mui,raw_preclip,pit_ecdf_ks,0.0,0.05,False
8d,member_3,mui,raw_preclip,central_cov_90,0.0,0.03,False
8d,member_3,mui,raw_preclip,rank_mean,0.0,0.03,False
8d,member_3,mui,raw_preclip,bias_unit,0.0,0.02,False
8d,member_3,mui,raw_preclip,boundary_point_mass,0.0,0.02,False
8d,member_3,mui,rejection_in_support,pit_ecdf_ks,0.022782651072124738,0.05,False
8d,member_3,mui,rejection_in_support,central_cov_90,0.0,0.03,False
8d,member_3,mui,rejection_in_support,rank_mean,0.0008528265107212718,0.03,False
8d,member_3,mui,rejection_in_support,bias_unit,4.0194756972292914e-05,0.02,False
8d,member_3,mui,rejection_in_support,boundary_point_mass,-0.004150390625,0.02,False
8d,member_3,b,raw_preclip,pit_ecdf_ks,0.0,0.05,False
8d,member_3,b,raw_preclip,central_cov_90,0.0,0.03,False
8d,member_3,b,raw_preclip,rank_mean,0.0,0.03,False
8d,member_3,b,raw_preclip,bias_unit,0.0,0.02,False
8d,member_3,b,raw_preclip,boundary_point_mass,0.0,0.02,False
8d,member_3,b,rejection_in_support,pit_ecdf_ks,-0.02899610136452241,0.05,False
8d,member_3,b,rejection_in_support,central_cov_90,0.02083333333333337,0.03,False
8d,member_3,b,rejection_in_support,rank_mean,0.004061078622482062,0.03,False
8d,member_3,b,rejection_in_support,bias_unit,-0.0018543626259391504,0.02,False
8d,member_3,b,rejection_in_support,boundary_point_mass,-0.031901041666666664,0.02,True
8d,member_3,tauA,raw_preclip,pit_ecdf_ks,0.0,0.05,False
8d,member_3,tauA,raw_preclip,central_cov_90,0.0,0.03,False
8d,member_3,tauA,raw_preclip,rank_mean,0.0,0.03,False
8d,member_3,tauA,raw_preclip,bias_unit,0.0,0.02,False
8d,member_3,tauA,raw_preclip,boundary_point_mass,0.0,0.02,False
8d,member_3,tauA,rejection_in_support,pit_ecdf_ks,0.025950292397660835,0.05,False
8d,member_3,tauA,rejection_in_support,central_cov_90,-0.02083333333333337,0.03,False
8d,member_3,tauA,rejection_in_support,rank_mean,0.010883690708252125,0.03,False
8d,member_3,tauA,rejection_in_support,bias_unit,0.0022697184855739252,0.02,False
8d,member_3,tauA,rejection_in_support,boundary_point_mass,-0.05668131510416667,0.02,True
8d,member_3,g_LK,raw_preclip,pit_ecdf_ks,0.0,0.05,False
8d,member_3,g_LK,raw_preclip,central_cov_90,0.0,0.03,False
8d,member_3,g_LK,raw_preclip,rank_mean,0.0,0.03,False
8d,member_3,g_LK,raw_preclip,bias_unit,0.0,0.02,False
8d,member_3,g_LK,raw_preclip,boundary_point_mass,0.0,0.02,False
8d,member_3,g_LK,rejection_in_support,pit_ecdf_ks,-0.001340155945419086,0.05,False
8d,member_3,g_LK,rejection_in_support,central_cov_90,-0.02083333333333337,0.03,False
8d,member_3,g_LK,rejection_in_support,rank_mean,0.017056530214424992,0.03,False
8d,member_3,g_LK,rejection_in_support,bias_unit,-0.009598058726017673,0.02,False
8d,member_3,g_LK,rejection_in_support,boundary_point_mass,-0.0399169921875,0.02,True
8d,member_3,g_h,raw_preclip,pit_ecdf_ks,0.0,0.05,False
8d,member_3,g_h,raw_preclip,central_cov_90,0.0,0.03,False
8d,member_3,g_h,raw_preclip,rank_mean,0.0,0.03,False
8d,member_3,g_h,raw_preclip,bias_unit,0.0,0.02,False
8d,member_3,g_h,raw_preclip,boundary_point_mass,0.0,0.02,False
8d,member_3,g_h,rejection_in_support,pit_ecdf_ks,0.03143274853801159,0.05,False
8d,member_3,g_h,rejection_in_support,central_cov_90,-0.04166666666666663,0.03,True
8d,member_3,g_h,rejection_in_support,rank_mean,0.007959714100065018,0.03,False
8d,member_3,g_h,rejection_in_support,bias_unit,-0.0020935425224403535,0.02,False
8d,member_3,g_h,rejection_in_support,boundary_point_mass,-0.025472005208333332,0.02,True
8d,member_3,c_th2ctx,raw_preclip,pit_ecdf_ks,0.0,0.05,False
8d,member_3,c_th2ctx,raw_preclip,central_cov_90,0.0,0.03,False
8d,member_3,c_th2ctx,raw_preclip,rank_mean,0.0,0.03,False
8d,member_3,c_th2ctx,raw_preclip,bias_unit,0.0,0.02,False
8d,member_3,c_th2ctx,raw_preclip,boundary_point_mass,0.0,0.02,False
8d,member_3,c_th2ctx,rejection_in_support,pit_ecdf_ks,-0.001340155945419086,0.05,False
8d,member_3,c_th2ctx,rejection_in_support,central_cov_90,-0.04166666666666663,0.03,True
8d,member_3,c_th2ctx,rejection_in_support,rank_mean,0.009624756335282592,0.03,False
8d,member_3,c_th2ctx,rejection_in_support,bias_unit,-0.002734195441007614,0.02,False
8d,member_3,c_th2ctx,rejection_in_support,boundary_point_mass,-0.035115559895833336,0.02,True
8d,member_3,c_ctx2th,raw_preclip,pit_ecdf_ks,0.0,0.05,False
8d,member_3,c_ctx2th,raw_preclip,central_cov_90,0.0,0.03,False
8d,member_3,c_ctx2th,raw_preclip,rank_mean,0.0,0.03,False
8d,member_3,c_ctx2th,raw_preclip,bias_unit,0.0,0.02,False
8d,member_3,c_ctx2th,raw_preclip,boundary_point_mass,0.0,0.02,False
8d,member_3,c_ctx2th,rejection_in_support,pit_ecdf_ks,-0.002192982456140413,0.05,False
8d,member_3,c_ctx2th,rejection_in_support,central_cov_90,0.0,0.03,False
8d,member_3,c_ctx2th,rejection_in_support,rank_mean,-5.551115123125783e-17,0.03,False
8d,member_3,c_ctx2th,rejection_in_support,bias_unit,-0.0013734061891833942,0.02,False
8d,member_3,c_ctx2th,rejection_in_support,boundary_point_mass,-0.008626302083333334,0.02,False
8d,member_4,mue,raw_preclip,pit_ecdf_ks,0.0,0.05,False
8d,member_4,mue,raw_preclip,central_cov_90,0.0,0.03,False
8d,member_4,mue,raw_preclip,rank_mean,0.0,0.03,False
8d,member_4,mue,raw_preclip,bias_unit,0.0,0.02,False
8d,member_4,mue,raw_preclip,boundary_point_mass,0.0,0.02,False
8d,member_4,mue,rejection_in_support,pit_ecdf_ks,0.0403265107212476,0.05,False
8d,member_4,mue,rejection_in_support,central_cov_90,-0.04166666666666663,0.03,True
8d,member_4,mue,rejection_in_support,rank_mean,0.028062053281351584,0.03,False
8d,member_4,mue,rejection_in_support,bias_unit,-0.013388524181209505,0.02,False
8d,member_4,mue,rejection_in_support,boundary_point_mass,-0.075439453125,0.02,True
8d,member_4,mui,raw_preclip,pit_ecdf_ks,0.0,0.05,False
8d,member_4,mui,raw_preclip,central_cov_90,0.0,0.03,False
8d,member_4,mui,raw_preclip,rank_mean,0.0,0.03,False
8d,member_4,mui,raw_preclip,bias_unit,0.0,0.02,False
8d,member_4,mui,raw_preclip,boundary_point_mass,0.0,0.02,False
8d,member_4,mui,rejection_in_support,pit_ecdf_ks,-0.022904483430799205,0.05,False
8d,member_4,mui,rejection_in_support,central_cov_90,0.0,0.03,False
8d,member_4,mui,rejection_in_support,rank_mean,0.005929174788823932,0.03,False
8d,member_4,mui,rejection_in_support,bias_unit,-5.75212761759758e-05,0.02,False
8d,member_4,mui,rejection_in_support,boundary_point_mass,-0.006266276041666667,0.02,False
8d,member_4,b,raw_preclip,pit_ecdf_ks,0.0,0.05,False
8d,member_4,b,raw_preclip,central_cov_90,0.0,0.03,False
8d,member_4,b,raw_preclip,rank_mean,0.0,0.03,False
8d,member_4,b,raw_preclip,bias_unit,0.0,0.02,False
8d,member_4,b,raw_preclip,boundary_point_mass,0.0,0.02,False
8d,member_4,b,rejection_in_support,pit_ecdf_ks,-0.01644736842105271,0.05,False
8d,member_4,b,rejection_in_support,central_cov_90,-0.02083333333333337,0.03,False
8d,member_4,b,rejection_in_support,rank_mean,0.007878492527615355,0.03,False
8d,member_4,b,rejection_in_support,bias_unit,-0.004604612632344168,0.02,False
8d,member_4,b,rejection_in_support,boundary_point_mass,-0.055257161458333336,0.02,True
8d,member_4,tauA,raw_preclip,pit_ecdf_ks,0.0,0.05,False
8d,member_4,tauA,raw_preclip,central_cov_90,0.0,0.03,False
8d,member_4,tauA,raw_preclip,rank_mean,0.0,0.03,False
8d,member_4,tauA,raw_preclip,bias_unit,0.0,0.02,False
8d,member_4,tauA,raw_preclip,boundary_point_mass,0.0,0.02,False
8d,member_4,tauA,rejection_in_support,pit_ecdf_ks,0.0728557504873294,0.05,True
8d,member_4,tauA,rejection_in_support,central_cov_90,-0.0625,0.03,True
8d,member_4,tauA,rejection_in_support,rank_mean,0.025747238466536704,0.03,False
8d,member_4,tauA,rejection_in_support,bias_unit,-0.012150643859058612,0.02,False
8d,member_4,tauA,rejection_in_support,boundary_point_mass,-0.0821533203125,0.02,True
8d,member_4,g_LK,raw_preclip,pit_ecdf_ks,0.0,0.05,False
8d,member_4,g_LK,raw_preclip,central_cov_90,0.0,0.03,False
8d,member_4,g_LK,raw_preclip,rank_mean,0.0,0.03,False
8d,member_4,g_LK,raw_preclip,bias_unit,0.0,0.02,False
8d,member_4,g_LK,raw_preclip,boundary_point_mass,0.0,0.02,False
8d,member_4,g_LK,rejection_in_support,pit_ecdf_ks,-0.005360623781676455,0.05,False
8d,member_4,g_LK,rejection_in_support,central_cov_90,-0.08333333333333337,0.03,True
8d,member_4,g_LK,rejection_in_support,rank_mean,0.016000649772579645,0.03,False
8d,member_4,g_LK,rejection_in_support,bias_unit,-0.004812394889692465,0.02,False
8d,member_4,g_LK,rejection_in_support,boundary_point_mass,-0.041951497395833336,0.02,True
8d,member_4,g_h,raw_preclip,pit_ecdf_ks,0.0,0.05,False
8d,member_4,g_h,raw_preclip,central_cov_90,0.0,0.03,False
8d,member_4,g_h,raw_preclip,rank_mean,0.0,0.03,False
8d,member_4,g_h,raw_preclip,bias_unit,0.0,0.02,False
8d,member_4,g_h,raw_preclip,boundary_point_mass,0.0,0.02,False
8d,member_4,g_h,rejection_in_support,pit_ecdf_ks,-0.00852826510721244,0.05,False
8d,member_4,g_h,rejection_in_support,central_cov_90,-0.08333333333333337,0.03,True
8d,member_4,g_h,rejection_in_support,rank_mean,0.011736517218973286,0.03,False
8d,member_4,g_h,rejection_in_support,bias_unit,-0.002502982194224993,0.02,False
8d,member_4,g_h,rejection_in_support,boundary_point_mass,-0.03413899739583333,0.02,True
8d,member_4,c_th2ctx,raw_preclip,pit_ecdf_ks,0.0,0.05,False
8d,member_4,c_th2ctx,raw_preclip,central_cov_90,0.0,0.03,False
8d,member_4,c_th2ctx,raw_preclip,rank_mean,0.0,0.03,False
8d,member_4,c_th2ctx,raw_preclip,bias_unit,0.0,0.02,False
8d,member_4,c_th2ctx,raw_preclip,boundary_point_mass,0.0,0.02,False
8d,member_4,c_th2ctx,rejection_in_support,pit_ecdf_ks,0.024000974658869356,0.05,False
8d,member_4,c_th2ctx,rejection_in_support,central_cov_90,-0.08333333333333326,0.03,True
8d,member_4,c_th2ctx,rejection_in_support,rank_mean,0.01709714100064974,0.03,False
8d,member_4,c_th2ctx,rejection_in_support,bias_unit,-0.004737447947263711,0.02,False
8d,member_4,c_th2ctx,rejection_in_support,boundary_point_mass,-0.034138997395833336,0.02,True
8d,member_4,c_ctx2th,raw_preclip,pit_ecdf_ks,0.0,0.05,False
8d,member_4,c_ctx2th,raw_preclip,central_cov_90,0.0,0.03,False
8d,member_4,c_ctx2th,raw_preclip,rank_mean,0.0,0.03,False
8d,member_4,c_ctx2th,raw_preclip,bias_unit,0.0,0.02,False
8d,member_4,c_ctx2th,raw_preclip,boundary_point_mass,0.0,0.02,False
8d,member_4,c_ctx2th,rejection_in_support,pit_ecdf_ks,0.012548732943469754,0.05,False
8d,member_4,c_ctx2th,rejection_in_support,central_cov_90,0.0,0.03,False
8d,member_4,c_ctx2th,rejection_in_support,rank_mean,0.00012183235867441189,0.03,False
8d,member_4,c_ctx2th,rejection_in_support,bias_unit,-0.004799561885495979,0.02,False
8d,member_4,c_ctx2th,rejection_in_support,boundary_point_mass,-0.0224609375,0.02,True
8d,member_5,mue,raw_preclip,pit_ecdf_ks,0.0,0.05,False
8d,member_5,mue,raw_preclip,central_cov_90,0.0,0.03,False
8d,member_5,mue,raw_preclip,rank_mean,0.0,0.03,False
8d,member_5,mue,raw_preclip,bias_unit,0.0,0.02,False
8d,member_5,mue,raw_preclip,boundary_point_mass,0.0,0.02,False
8d,member_5,mue,rejection_in_support,pit_ecdf_ks,0.07748538011695905,0.05,True
8d,member_5,mue,rejection_in_support,central_cov_90,-0.04166666666666674,0.03,True
8d,member_5,mue,rejection_in_support,rank_mean,0.026559454191033116,0.03,False
8d,member_5,mue,rejection_in_support,bias_unit,-0.012363757782926161,0.02,False
8d,member_5,mue,rejection_in_support,boundary_point_mass,-0.08015950520833333,0.02,True
8d,member_5,mui,raw_preclip,pit_ecdf_ks,0.0,0.05,False
8d,member_5,mui,raw_preclip,central_cov_90,0.0,0.03,False
8d,member_5,mui,raw_preclip,rank_mean,0.0,0.03,False
8d,member_5,mui,raw_preclip,bias_unit,0.0,0.02,False
8d,member_5,mui,raw_preclip,boundary_point_mass,0.0,0.02,False
8d,member_5,mui,rejection_in_support,pit_ecdf_ks,0.003898635477582846,0.05,False
8d,member_5,mui,rejection_in_support,central_cov_90,0.0,0.03,False
8d,member_5,mui,rejection_in_support,rank_mean,-0.003979857050032509,0.03,False
8d,member_5,mui,rejection_in_support,bias_unit,-0.0001289640398075189,0.02,False
8d,member_5,mui,rejection_in_support,boundary_point_mass,-0.005818684895833333,0.02,False
8d,member_5,b,raw_preclip,pit_ecdf_ks,0.0,0.05,False
8d,member_5,b,raw_preclip,central_cov_90,0.0,0.03,False
8d,member_5,b,raw_preclip,rank_mean,0.0,0.03,False
8d,member_5,b,raw_preclip,bias_unit,0.0,0.02,False
8d,member_5,b,raw_preclip,boundary_point_mass,0.0,0.02,False
8d,member_5,b,rejection_in_support,pit_ecdf_ks,0.0004873294346978141,0.05,False
8d,member_5,b,rejection_in_support,central_cov_90,-0.02083333333333337,0.03,False
8d,member_5,b,rejection_in_support,rank_mean,0.004548408057179987,0.03,False
8d,member_5,b,rejection_in_support,bias_unit,-0.0034692455471182874,0.02,False
8d,member_5,b,rejection_in_support,boundary_point_mass,-0.056070963541666664,0.02,True
8d,member_5,tauA,raw_preclip,pit_ecdf_ks,0.0,0.05,False
8d,member_5,tauA,raw_preclip,central_cov_90,0.0,0.03,False
8d,member_5,tauA,raw_preclip,rank_mean,0.0,0.03,False
8d,member_5,tauA,raw_preclip,bias_unit,0.0,0.02,False
8d,member_5,tauA,raw_preclip,boundary_point_mass,0.0,0.02,False
8d,member_5,tauA,rejection_in_support,pit_ecdf_ks,0.02960526315789469,0.05,False
8d,member_5,tauA,rejection_in_support,central_cov_90,-0.04166666666666663,0.03,True
8d,member_5,tauA,rejection_in_support,rank_mean,0.018802794022092173,0.03,False
8d,member_5,tauA,rejection_in_support,bias_unit,-0.012057606518889465,0.02,False
8d,member_5,tauA,rejection_in_support,boundary_point_mass,-0.06770833333333333,0.02,True
8d,member_5,g_LK,raw_preclip,pit_ecdf_ks,0.0,0.05,False
8d,member_5,g_LK,raw_preclip,central_cov_90,0.0,0.03,False
8d,member_5,g_LK,raw_preclip,rank_mean,0.0,0.03,False
8d,member_5,g_LK,raw_preclip,bias_unit,0.0,0.02,False
8d,member_5,g_LK,raw_preclip,boundary_point_mass,0.0,0.02,False
8d,member_5,g_LK,rejection_in_support,pit_ecdf_ks,0.009746588693957114,0.05,False
8d,member_5,g_LK,rejection_in_support,central_cov_90,-0.02083333333333326,0.03,False
8d,member_5,g_LK,rejection_in_support,rank_mean,0.008893762183235898,0.03,False
8d,member_5,g_LK,rejection_in_support,bias_unit,-0.006095831282436849,0.02,False
8d,member_5,g_LK,rejection_in_support,boundary_point_mass,-0.062093098958333336,0.02,True
8d,member_5,g_h,raw_preclip,pit_ecdf_ks,0.0,0.05,False
8d,member_5,g_h,raw_preclip,central_cov_90,0.0,0.03,False
8d,member_5,g_h,raw_preclip,rank_mean,0.0,0.03,False
8d,member_5,g_h,raw_preclip,bias_unit,0.0,0.02,False
8d,member_5,g_h,raw_preclip,boundary_point_mass,0.0,0.02,False
8d,member_5,g_h,rejection_in_support,pit_ecdf_ks,0.020833333333333315,0.05,False
8d,member_5,g_h,rejection_in_support,central_cov_90,-0.0625,0.03,True
8d,member_5,g_h,rejection_in_support,rank_mean,0.008162768031188983,0.03,False
8d,member_5,g_h,rejection_in_support,bias_unit,-0.004415870954593022,0.02,False
8d,member_5,g_h,rejection_in_support,boundary_point_mass,-0.0289306640625,0.02,True
8d,member_5,c_th2ctx,raw_preclip,pit_ecdf_ks,0.0,0.05,False
8d,member_5,c_th2ctx,raw_preclip,central_cov_90,0.0,0.03,False
8d,member_5,c_th2ctx,raw_preclip,rank_mean,0.0,0.03,False
8d,member_5,c_th2ctx,raw_preclip,bias_unit,0.0,0.02,False
8d,member_5,c_th2ctx,raw_preclip,boundary_point_mass,0.0,0.02,False
8d,member_5,c_th2ctx,rejection_in_support,pit_ecdf_ks,0.001218323586744674,0.05,False
8d,member_5,c_th2ctx,rejection_in_support,central_cov_90,-0.04166666666666674,0.03,True
8d,member_5,c_th2ctx,rejection_in_support,rank_mean,0.005888564002599184,0.03,False
8d,member_5,c_th2ctx,rejection_in_support,bias_unit,-0.0013217492960393429,0.02,False
8d,member_5,c_th2ctx,rejection_in_support,boundary_point_mass,-0.032552083333333336,0.02,True
8d,member_5,c_ctx2th,raw_preclip,pit_ecdf_ks,0.0,0.05,False
8d,member_5,c_ctx2th,raw_preclip,central_cov_90,0.0,0.03,False
8d,member_5,c_ctx2th,raw_preclip,rank_mean,0.0,0.03,False
8d,member_5,c_ctx2th,raw_preclip,bias_unit,0.0,0.02,False
8d,member_5,c_ctx2th,raw_preclip,boundary_point_mass,0.0,0.02,False
8d,member_5,c_ctx2th,rejection_in_support,pit_ecdf_ks,-0.009137426900584819,0.05,False
8d,member_5,c_ctx2th,rejection_in_support,central_cov_90,-0.04166666666666663,0.03,True
8d,member_5,c_ctx2th,rejection_in_support,rank_mean,0.003573749187784303,0.03,False
8d,member_5,c_ctx2th,rejection_in_support,bias_unit,-0.004514746678372223,0.02,False
8d,member_5,c_ctx2th,rejection_in_support,boundary_point_mass,-0.023111979166666668,0.02,True
8d,ensemble,mue,raw_preclip,pit_ecdf_ks,0.0,0.05,False
8d,ensemble,mue,raw_preclip,central_cov_90,0.0,0.03,False
8d,ensemble,mue,raw_preclip,rank_mean,0.0,0.03,False
8d,ensemble,mue,raw_preclip,bias_unit,0.0,0.02,False
8d,ensemble,mue,raw_preclip,boundary_point_mass,0.0,0.02,False
8d,ensemble,mue,rejection_in_support,pit_ecdf_ks,0.03630604288499023,0.05,False
8d,ensemble,mue,rejection_in_support,central_cov_90,-0.08333333333333337,0.03,True
8d,ensemble,mue,rejection_in_support,rank_mean,0.022092267706302793,0.03,False
8d,ensemble,mue,rejection_in_support,bias_unit,-0.008551990923782189,0.02,False
8d,ensemble,mue,rejection_in_support,boundary_point_mass,-0.07722981770833333,0.02,True
8d,ensemble,mui,raw_preclip,pit_ecdf_ks,0.0,0.05,False
8d,ensemble,mui,raw_preclip,central_cov_90,0.0,0.03,False
8d,ensemble,mui,raw_preclip,rank_mean,0.0,0.03,False
8d,ensemble,mui,raw_preclip,bias_unit,0.0,0.02,False
8d,ensemble,mui,raw_preclip,boundary_point_mass,0.0,0.02,False
8d,ensemble,mui,rejection_in_support,pit_ecdf_ks,-0.0037768031189083506,0.05,False
8d,ensemble,mui,rejection_in_support,central_cov_90,-0.02083333333333326,0.03,False
8d,ensemble,mui,rejection_in_support,rank_mean,0.004995126705653052,0.03,False
8d,ensemble,mui,rejection_in_support,bias_unit,1.968497720857454e-05,0.02,False
8d,ensemble,mui,rejection_in_support,boundary_point_mass,-0.005289713541666667,0.02,False
8d,ensemble,b,raw_preclip,pit_ecdf_ks,0.0,0.05,False
8d,ensemble,b,raw_preclip,central_cov_90,0.0,0.03,False
8d,ensemble,b,raw_preclip,rank_mean,0.0,0.03,False
8d,ensemble,b,raw_preclip,bias_unit,0.0,0.02,False
8d,ensemble,b,raw_preclip,boundary_point_mass,0.0,0.02,False
8d,ensemble,b,rejection_in_support,pit_ecdf_ks,-0.021564327485380064,0.05,False
8d,ensemble,b,rejection_in_support,central_cov_90,-0.04166666666666663,0.03,True
8d,ensemble,b,rejection_in_support,rank_mean,0.003654970760233911,0.03,False
8d,ensemble,b,rejection_in_support,bias_unit,-0.0010647888605793306,0.02,False
8d,ensemble,b,rejection_in_support,boundary_point_mass,-0.052571614583333336,0.02,True
8d,ensemble,tauA,raw_preclip,pit_ecdf_ks,0.0,0.05,False
8d,ensemble,tauA,raw_preclip,central_cov_90,0.0,0.03,False
8d,ensemble,tauA,raw_preclip,rank_mean,0.0,0.03,False
8d,ensemble,tauA,raw_preclip,bias_unit,0.0,0.02,False
8d,ensemble,tauA,raw_preclip,boundary_point_mass,0.0,0.02,False
8d,ensemble,tauA,rejection_in_support,pit_ecdf_ks,0.050682261208576995,0.05,True
8d,ensemble,tauA,rejection_in_support,central_cov_90,-0.02083333333333337,0.03,False
8d,ensemble,tauA,rejection_in_support,rank_mean,0.025097465886939507,0.03,False
8d,ensemble,tauA,rejection_in_support,bias_unit,-0.008383195148780942,0.02,False
8d,ensemble,tauA,rejection_in_support,boundary_point_mass,-0.07763671875,0.02,True
8d,ensemble,g_LK,raw_preclip,pit_ecdf_ks,0.0,0.05,False
8d,ensemble,g_LK,raw_preclip,central_cov_90,0.0,0.03,False
8d,ensemble,g_LK,raw_preclip,rank_mean,0.0,0.03,False
8d,ensemble,g_LK,raw_preclip,bias_unit,0.0,0.02,False
8d,ensemble,g_LK,raw_preclip,boundary_point_mass,0.0,0.02,False
8d,ensemble,g_LK,rejection_in_support,pit_ecdf_ks,-0.009137426900584805,0.05,False
8d,ensemble,g_LK,rejection_in_support,central_cov_90,-0.02083333333333337,0.03,False
8d,ensemble,g_LK,rejection_in_support,rank_mean,0.012345679012345734,0.03,False
8d,ensemble,g_LK,rejection_in_support,bias_unit,-0.002037278221299251,0.02,False
8d,ensemble,g_LK,rejection_in_support,boundary_point_mass,-0.046834309895833336,0.02,True
8d,ensemble,g_h,raw_preclip,pit_ecdf_ks,0.0,0.05,False
8d,ensemble,g_h,raw_preclip,central_cov_90,0.0,0.03,False
8d,ensemble,g_h,raw_preclip,rank_mean,0.0,0.03,False
8d,ensemble,g_h,raw_preclip,bias_unit,0.0,0.02,False
8d,ensemble,g_h,raw_preclip,boundary_point_mass,0.0,0.02,False
8d,ensemble,g_h,rejection_in_support,pit_ecdf_ks,-0.011695906432748537,0.05,False
8d,ensemble,g_h,rejection_in_support,central_cov_90,-0.04166666666666674,0.03,True
8d,ensemble,g_h,rejection_in_support,rank_mean,0.0003248862897984317,0.03,False
8d,ensemble,g_h,rejection_in_support,bias_unit,-0.0010512525526185819,0.02,False
8d,ensemble,g_h,rejection_in_support,boundary_point_mass,-0.0294189453125,0.02,True
8d,ensemble,c_th2ctx,raw_preclip,pit_ecdf_ks,0.0,0.05,False
8d,ensemble,c_th2ctx,raw_preclip,central_cov_90,0.0,0.03,False
8d,ensemble,c_th2ctx,raw_preclip,rank_mean,0.0,0.03,False
8d,ensemble,c_th2ctx,raw_preclip,bias_unit,0.0,0.02,False
8d,ensemble,c_th2ctx,raw_preclip,boundary_point_mass,0.0,0.02,False
8d,ensemble,c_th2ctx,rejection_in_support,pit_ecdf_ks,0.000609161793372226,0.05,False
8d,ensemble,c_th2ctx,rejection_in_support,central_cov_90,-0.10416666666666674,0.03,True
8d,ensemble,c_th2ctx,rejection_in_support,rank_mean,0.00694444444444442,0.03,False
8d,ensemble,c_th2ctx,rejection_in_support,bias_unit,0.0006670891307294369,0.02,False
8d,ensemble,c_th2ctx,rejection_in_support,boundary_point_mass,-0.031290690104166664,0.02,True
8d,ensemble,c_ctx2th,raw_preclip,pit_ecdf_ks,0.0,0.05,False
8d,ensemble,c_ctx2th,raw_preclip,central_cov_90,0.0,0.03,False
8d,ensemble,c_ctx2th,raw_preclip,rank_mean,0.0,0.03,False
8d,ensemble,c_ctx2th,raw_preclip,bias_unit,0.0,0.02,False
8d,ensemble,c_ctx2th,raw_preclip,boundary_point_mass,0.0,0.02,False
8d,ensemble,c_ctx2th,rejection_in_support,pit_ecdf_ks,-0.009990253411306105,0.05,False
8d,ensemble,c_ctx2th,rejection_in_support,central_cov_90,-0.02083333333333337,0.03,False
8d,ensemble,c_ctx2th,rejection_in_support,rank_mean,0.0060916179337232035,0.03,False
8d,ensemble,c_ctx2th,rejection_in_support,bias_unit,-0.0015764553099870682,0.02,False
8d,ensemble,c_ctx2th,rejection_in_support,boundary_point_mass,-0.015584309895833334,0.02,False
7d,member_1,mue,raw_preclip,pit_ecdf_ks,0.0,0.05,False
7d,member_1,mue,raw_preclip,central_cov_90,0.0,0.03,False
7d,member_1,mue,raw_preclip,rank_mean,0.0,0.03,False
7d,member_1,mue,raw_preclip,bias_unit,0.0,0.02,False
7d,member_1,mue,raw_preclip,boundary_point_mass,0.0,0.02,False
7d,member_1,mue,rejection_in_support,pit_ecdf_ks,0.055190058479532234,0.05,True
7d,member_1,mue,rejection_in_support,central_cov_90,-0.08333333333333337,0.03,True
7d,member_1,mue,rejection_in_support,rank_mean,0.013360948667966333,0.03,False
7d,member_1,mue,rejection_in_support,bias_unit,-0.005936888279393312,0.02,False
7d,member_1,mue,rejection_in_support,boundary_point_mass,-0.07185872395833333,0.02,True
7d,member_1,mui,raw_preclip,pit_ecdf_ks,0.0,0.05,False
7d,member_1,mui,raw_preclip,central_cov_90,0.0,0.03,False
7d,member_1,mui,raw_preclip,rank_mean,0.0,0.03,False
7d,member_1,mui,raw_preclip,bias_unit,0.0,0.02,False
7d,member_1,mui,raw_preclip,boundary_point_mass,0.0,0.02,False
7d,member_1,mui,rejection_in_support,pit_ecdf_ks,0.010477582846003891,0.05,False
7d,member_1,mui,rejection_in_support,central_cov_90,-0.02083333333333326,0.03,False
7d,member_1,mui,rejection_in_support,rank_mean,-0.004548408057179931,0.03,False
7d,member_1,mui,rejection_in_support,bias_unit,0.0001667399968331056,0.02,False
7d,member_1,mui,rejection_in_support,boundary_point_mass,-0.003946940104166667,0.02,False
7d,member_1,b,raw_preclip,pit_ecdf_ks,0.0,0.05,False
7d,member_1,b,raw_preclip,central_cov_90,0.0,0.03,False
7d,member_1,b,raw_preclip,rank_mean,0.0,0.03,False
7d,member_1,b,raw_preclip,bias_unit,0.0,0.02,False
7d,member_1,b,raw_preclip,boundary_point_mass,0.0,0.02,False
7d,member_1,b,rejection_in_support,pit_ecdf_ks,-0.006578947368421018,0.05,False
7d,member_1,b,rejection_in_support,central_cov_90,0.0,0.03,False
7d,member_1,b,rejection_in_support,rank_mean,0.0015025990903183573,0.03,False
7d,member_1,b,rejection_in_support,bias_unit,-0.0032935106040289028,0.02,False
7d,member_1,b,rejection_in_support,boundary_point_mass,-0.0477294921875,0.02,True
7d,member_1,tauA,raw_preclip,pit_ecdf_ks,0.0,0.05,False
7d,member_1,tauA,raw_preclip,central_cov_90,0.0,0.03,False
7d,member_1,tauA,raw_preclip,rank_mean,0.0,0.03,False
7d,member_1,tauA,raw_preclip,bias_unit,0.0,0.02,False
7d,member_1,tauA,raw_preclip,boundary_point_mass,0.0,0.02,False
7d,member_1,tauA,rejection_in_support,pit_ecdf_ks,0.02729044834307992,0.05,False
7d,member_1,tauA,rejection_in_support,central_cov_90,-0.02083333333333337,0.03,False
7d,member_1,tauA,rejection_in_support,rank_mean,0.012386289798570482,0.03,False
7d,member_1,tauA,rejection_in_support,bias_unit,-0.002954751020297408,0.02,False
7d,member_1,tauA,rejection_in_support,boundary_point_mass,-0.058797200520833336,0.02,True
7d,member_1,g_LK,raw_preclip,pit_ecdf_ks,0.0,0.05,False
7d,member_1,g_LK,raw_preclip,central_cov_90,0.0,0.03,False
7d,member_1,g_LK,raw_preclip,rank_mean,0.0,0.03,False
7d,member_1,g_LK,raw_preclip,bias_unit,0.0,0.02,False
7d,member_1,g_LK,raw_preclip,boundary_point_mass,0.0,0.02,False
7d,member_1,g_LK,rejection_in_support,pit_ecdf_ks,0.03520955165692011,0.05,False
7d,member_1,g_LK,rejection_in_support,central_cov_90,-0.04166666666666674,0.03,True
7d,member_1,g_LK,rejection_in_support,rank_mean,0.026275178687459322,0.03,False
7d,member_1,g_LK,rejection_in_support,bias_unit,-0.008226210988747578,0.02,False
7d,member_1,g_LK,rejection_in_support,boundary_point_mass,-0.0465087890625,0.02,True
7d,member_1,g_h,raw_preclip,pit_ecdf_ks,0.0,0.05,False
7d,member_1,g_h,raw_preclip,central_cov_90,0.0,0.03,False
7d,member_1,g_h,raw_preclip,rank_mean,0.0,0.03,False
7d,member_1,g_h,raw_preclip,bias_unit,0.0,0.02,False
7d,member_1,g_h,raw_preclip,boundary_point_mass,0.0,0.02,False
7d,member_1,g_h,rejection_in_support,pit_ecdf_ks,-0.0019493177387913674,0.05,False
7d,member_1,g_h,rejection_in_support,central_cov_90,-0.04166666666666663,0.03,True
7d,member_1,g_h,rejection_in_support,rank_mean,0.012386289798570482,0.03,False
7d,member_1,g_h,rejection_in_support,bias_unit,-0.00414202253644665,0.02,False
7d,member_1,g_h,rejection_in_support,boundary_point_mass,-0.026041666666666668,0.02,True
7d,member_1,c_th2ctx,raw_preclip,pit_ecdf_ks,0.0,0.05,False
7d,member_1,c_th2ctx,raw_preclip,central_cov_90,0.0,0.03,False
7d,member_1,c_th2ctx,raw_preclip,rank_mean,0.0,0.03,False
7d,member_1,c_th2ctx,raw_preclip,bias_unit,0.0,0.02,False
7d,member_1,c_th2ctx,raw_preclip,boundary_point_mass,0.0,0.02,False
7d,member_1,c_th2ctx,rejection_in_support,pit_ecdf_ks,0.03508771929824561,0.05,False
7d,member_1,c_th2ctx,rejection_in_support,central_cov_90,-0.10416666666666663,0.03,True
7d,member_1,c_th2ctx,rejection_in_support,rank_mean,0.023757309941520366,0.03,False
7d,member_1,c_th2ctx,rejection_in_support,bias_unit,-0.009680040335903563,0.02,False
7d,member_1,c_th2ctx,rejection_in_support,boundary_point_mass,-0.039388020833333336,0.02,True
7d,member_2,mue,raw_preclip,pit_ecdf_ks,0.0,0.05,False
7d,member_2,mue,raw_preclip,central_cov_90,0.0,0.03,False
7d,member_2,mue,raw_preclip,rank_mean,0.0,0.03,False
7d,member_2,mue,raw_preclip,bias_unit,0.0,0.02,False
7d,member_2,mue,raw_preclip,boundary_point_mass,0.0,0.02,False
7d,member_2,mue,rejection_in_support,pit_ecdf_ks,0.005847953216374269,0.05,False
7d,member_2,mue,rejection_in_support,central_cov_90,-0.04166666666666663,0.03,True
7d,member_2,mue,rejection_in_support,rank_mean,0.01717836257309935,0.03,False
7d,member_2,mue,rejection_in_support,bias_unit,-0.007187720543394487,0.02,False
7d,member_2,mue,rejection_in_support,boundary_point_mass,-0.059041341145833336,0.02,True
7d,member_2,mui,raw_preclip,pit_ecdf_ks,0.0,0.05,False
7d,member_2,mui,raw_preclip,central_cov_90,0.0,0.03,False
7d,member_2,mui,raw_preclip,rank_mean,0.0,0.03,False
7d,member_2,mui,raw_preclip,bias_unit,0.0,0.02,False
7d,member_2,mui,raw_preclip,boundary_point_mass,0.0,0.02,False
7d,member_2,mui,rejection_in_support,pit_ecdf_ks,-0.0006091617933723925,0.05,False
7d,member_2,mui,rejection_in_support,central_cov_90,0.02083333333333337,0.03,False
7d,member_2,mui,rejection_in_support,rank_mean,0.0003654970760233467,0.03,False
7d,member_2,mui,rejection_in_support,bias_unit,1.2729782611131668e-05,0.02,False
7d,member_2,mui,rejection_in_support,boundary_point_mass,-0.00341796875,0.02,False
7d,member_2,b,raw_preclip,pit_ecdf_ks,0.0,0.05,False
7d,member_2,b,raw_preclip,central_cov_90,0.0,0.03,False
7d,member_2,b,raw_preclip,rank_mean,0.0,0.03,False
7d,member_2,b,raw_preclip,bias_unit,0.0,0.02,False
7d,member_2,b,raw_preclip,boundary_point_mass,0.0,0.02,False
7d,member_2,b,rejection_in_support,pit_ecdf_ks,0.003898635477582846,0.05,False
7d,member_2,b,rejection_in_support,central_cov_90,-0.02083333333333337,0.03,False
7d,member_2,b,rejection_in_support,rank_mean,-0.005238791423001932,0.03,False
7d,member_2,b,rejection_in_support,bias_unit,0.000589199286575119,0.02,False
7d,member_2,b,rejection_in_support,boundary_point_mass,-0.019978841145833332,0.02,False
7d,member_2,tauA,raw_preclip,pit_ecdf_ks,0.0,0.05,False
7d,member_2,tauA,raw_preclip,central_cov_90,0.0,0.03,False
7d,member_2,tauA,raw_preclip,rank_mean,0.0,0.03,False
7d,member_2,tauA,raw_preclip,bias_unit,0.0,0.02,False
7d,member_2,tauA,raw_preclip,boundary_point_mass,0.0,0.02,False
7d,member_2,tauA,rejection_in_support,pit_ecdf_ks,0.04361598440545805,0.05,False
7d,member_2,tauA,rejection_in_support,central_cov_90,-0.0625,0.03,True
7d,member_2,tauA,rejection_in_support,rank_mean,0.022457764782326195,0.03,False
7d,member_2,tauA,rejection_in_support,bias_unit,-0.008948972914367914,0.02,False
7d,member_2,tauA,rejection_in_support,boundary_point_mass,-0.06400553385416667,0.02,True
7d,member_2,g_LK,raw_preclip,pit_ecdf_ks,0.0,0.05,False
7d,member_2,g_LK,raw_preclip,central_cov_90,0.0,0.03,False
7d,member_2,g_LK,raw_preclip,rank_mean,0.0,0.03,False
7d,member_2,g_LK,raw_preclip,bias_unit,0.0,0.02,False
7d,member_2,g_LK,raw_preclip,boundary_point_mass,0.0,0.02,False
7d,member_2,g_LK,rejection_in_support,pit_ecdf_ks,0.008162768031189094,0.05,False
7d,member_2,g_LK,rejection_in_support,central_cov_90,-0.04166666666666674,0.03,True
7d,member_2,g_LK,rejection_in_support,rank_mean,0.018762183235867425,0.03,False
7d,member_2,g_LK,rejection_in_support,bias_unit,-0.008594622913127143,0.02,False
7d,member_2,g_LK,rejection_in_support,boundary_point_mass,-0.05069986979166667,0.02,True
7d,member_2,g_h,raw_preclip,pit_ecdf_ks,0.0,0.05,False
7d,member_2,g_h,raw_preclip,central_cov_90,0.0,0.03,False
7d,member_2,g_h,raw_preclip,rank_mean,0.0,0.03,False
7d,member_2,g_h,raw_preclip,bias_unit,0.0,0.02,False
7d,member_2,g_h,raw_preclip,boundary_point_mass,0.0,0.02,False
7d,member_2,g_h,rejection_in_support,pit_ecdf_ks,0.031189083820662766,0.05,False
7d,member_2,g_h,rejection_in_support,central_cov_90,-0.04166666666666674,0.03,True
7d,member_2,g_h,rejection_in_support,rank_mean,0.011127355425600949,0.03,False
7d,member_2,g_h,rejection_in_support,bias_unit,-0.0005435852023462449,0.02,False
7d,member_2,g_h,rejection_in_support,boundary_point_mass,-0.024943033854166668,0.02,True
7d,member_2,c_th2ctx,raw_preclip,pit_ecdf_ks,0.0,0.05,False
7d,member_2,c_th2ctx,raw_preclip,central_cov_90,0.0,0.03,False
7d,member_2,c_th2ctx,raw_preclip,rank_mean,0.0,0.03,False
7d,member_2,c_th2ctx,raw_preclip,bias_unit,0.0,0.02,False
7d,member_2,c_th2ctx,raw_preclip,boundary_point_mass,0.0,0.02,False
7d,member_2,c_th2ctx,rejection_in_support,pit_ecdf_ks,-0.008406432748538029,0.05,False
7d,member_2,c_th2ctx,rejection_in_support,central_cov_90,-0.0625,0.03,True
7d,member_2,c_th2ctx,rejection_in_support,rank_mean,0.010883690708252125,0.03,False
7d,member_2,c_th2ctx,rejection_in_support,bias_unit,-0.002643920791645847,0.02,False
7d,member_2,c_th2ctx,rejection_in_support,boundary_point_mass,-0.030354817708333332,0.02,True
7d,member_3,mue,raw_preclip,pit_ecdf_ks,0.0,0.05,False
7d,member_3,mue,raw_preclip,central_cov_90,0.0,0.03,False
7d,member_3,mue,raw_preclip,rank_mean,0.0,0.03,False
7d,member_3,mue,raw_preclip,bias_unit,0.0,0.02,False
7d,member_3,mue,raw_preclip,boundary_point_mass,0.0,0.02,False
7d,member_3,mue,rejection_in_support,pit_ecdf_ks,0.021198830409356717,0.05,False
7d,member_3,mue,rejection_in_support,central_cov_90,-0.10416666666666663,0.03,True
7d,member_3,mue,rejection_in_support,rank_mean,0.021198830409356773,0.03,False
7d,member_3,mue,rejection_in_support,bias_unit,-0.00711397329966227,0.02,False
7d,member_3,mue,rejection_in_support,boundary_point_mass,-0.07173665364583333,0.02,True
7d,member_3,mui,raw_preclip,pit_ecdf_ks,0.0,0.05,False
7d,member_3,mui,raw_preclip,central_cov_90,0.0,0.03,False
7d,member_3,mui,raw_preclip,rank_mean,0.0,0.03,False
7d,member_3,mui,raw_preclip,bias_unit,0.0,0.02,False
7d,member_3,mui,raw_preclip,boundary_point_mass,0.0,0.02,False
7d,member_3,mui,rejection_in_support,pit_ecdf_ks,0.042641325536062424,0.05,False
7d,member_3,mui,rejection_in_support,central_cov_90,-0.10416666666666674,0.03,True
7d,member_3,mui,rejection_in_support,rank_mean,-0.011452241715399658,0.03,False
7d,member_3,mui,rejection_in_support,bias_unit,0.00018780038226395845,0.02,False
7d,member_3,mui,rejection_in_support,boundary_point_mass,-0.0054931640625,0.02,False
7d,member_3,b,raw_preclip,pit_ecdf_ks,0.0,0.05,False
7d,member_3,b,raw_preclip,central_cov_90,0.0,0.03,False
7d,member_3,b,raw_preclip,rank_mean,0.0,0.03,False
7d,member_3,b,raw_preclip,bias_unit,0.0,0.02,False
7d,member_3,b,raw_preclip,boundary_point_mass,0.0,0.02,False
7d,member_3,b,rejection_in_support,pit_ecdf_ks,0.029970760233918092,0.05,False
7d,member_3,b,rejection_in_support,central_cov_90,-0.02083333333333337,0.03,False
7d,member_3,b,rejection_in_support,rank_mean,0.010274528914879788,0.03,False
7d,member_3,b,rejection_in_support,bias_unit,-0.003990602601940433,0.02,False
7d,member_3,b,rejection_in_support,boundary_point_mass,-0.044881184895833336,0.02,True
7d,member_3,tauA,raw_preclip,pit_ecdf_ks,0.0,0.05,False
7d,member_3,tauA,raw_preclip,central_cov_90,0.0,0.03,False
7d,member_3,tauA,raw_preclip,rank_mean,0.0,0.03,False
7d,member_3,tauA,raw_preclip,bias_unit,0.0,0.02,False
7d,member_3,tauA,raw_preclip,boundary_point_mass,0.0,0.02,False
7d,member_3,tauA,rejection_in_support,pit_ecdf_ks,0.01742202729044834,0.05,False
7d,member_3,tauA,rejection_in_support,central_cov_90,-0.04166666666666663,0.03,True
7d,member_3,tauA,rejection_in_support,rank_mean,0.019736842105263164,0.03,False
7d,member_3,tauA,rejection_in_support,bias_unit,-0.008105437426517405,0.02,False
7d,member_3,tauA,rejection_in_support,boundary_point_mass,-0.07889811197916667,0.02,True
7d,member_3,g_LK,raw_preclip,pit_ecdf_ks,0.0,0.05,False
7d,member_3,g_LK,raw_preclip,central_cov_90,0.0,0.03,False
7d,member_3,g_LK,raw_preclip,rank_mean,0.0,0.03,False
7d,member_3,g_LK,raw_preclip,bias_unit,0.0,0.02,False
7d,member_3,g_LK,raw_preclip,boundary_point_mass,0.0,0.02,False
7d,member_3,g_LK,rejection_in_support,pit_ecdf_ks,0.013279727095516558,0.05,False
7d,member_3,g_LK,rejection_in_support,central_cov_90,-0.0625,0.03,True
7d,member_3,g_LK,rejection_in_support,rank_mean,0.01908706952566608,0.03,False
7d,member_3,g_LK,rejection_in_support,bias_unit,-0.008596775005571544,0.02,False
7d,member_3,g_LK,rejection_in_support,boundary_point_mass,-0.04931640625,0.02,True
7d,member_3,g_h,raw_preclip,pit_ecdf_ks,0.0,0.05,False
7d,member_3,g_h,raw_preclip,central_cov_90,0.0,0.03,False
7d,member_3,g_h,raw_preclip,rank_mean,0.0,0.03,False
7d,member_3,g_h,raw_preclip,bias_unit,0.0,0.02,False
7d,member_3,g_h,raw_preclip,boundary_point_mass,0.0,0.02,False
7d,member_3,g_h,rejection_in_support,pit_ecdf_ks,0.016325536062378188,0.05,False
7d,member_3,g_h,rejection_in_support,central_cov_90,-0.02083333333333326,0.03,False
7d,member_3,g_h,rejection_in_support,rank_mean,0.005238791423002098,0.03,False
7d,member_3,g_h,rejection_in_support,bias_unit,-0.003055215037117403,0.02,False
7d,member_3,g_h,rejection_in_support,boundary_point_mass,-0.0318603515625,0.02,True
7d,member_3,c_th2ctx,raw_preclip,pit_ecdf_ks,0.0,0.05,False
7d,member_3,c_th2ctx,raw_preclip,central_cov_90,0.0,0.03,False
7d,member_3,c_th2ctx,raw_preclip,rank_mean,0.0,0.03,False
7d,member_3,c_th2ctx,raw_preclip,bias_unit,0.0,0.02,False
7d,member_3,c_th2ctx,raw_preclip,boundary_point_mass,0.0,0.02,False
7d,member_3,c_th2ctx,rejection_in_support,pit_ecdf_ks,0.01498538011695899,0.05,False
7d,member_3,c_th2ctx,rejection_in_support,central_cov_90,-0.04166666666666663,0.03,True
7d,member_3,c_th2ctx,rejection_in_support,rank_mean,0.015919428200129815,0.03,False
7d,member_3,c_th2ctx,rejection_in_support,bias_unit,-0.006355453748255968,0.02,False
7d,member_3,c_th2ctx,rejection_in_support,boundary_point_mass,-0.0391845703125,0.02,True
7d,member_4,mue,raw_preclip,pit_ecdf_ks,0.0,0.05,False
7d,member_4,mue,raw_preclip,central_cov_90,0.0,0.03,False
7d,member_4,mue,raw_preclip,rank_mean,0.0,0.03,False
7d,member_4,mue,raw_preclip,bias_unit,0.0,0.02,False
7d,member_4,mue,raw_preclip,boundary_point_mass,0.0,0.02,False
7d,member_4,mue,rejection_in_support,pit_ecdf_ks,0.021198830409356773,0.05,False
7d,member_4,mue,rejection_in_support,central_cov_90,-0.14583333333333337,0.03,True
7d,member_4,mue,rejection_in_support,rank_mean,0.011452241715399714,0.03,False
7d,member_4,mue,rejection_in_support,bias_unit,-0.005237608139092721,0.02,False
7d,member_4,mue,rejection_in_support,boundary_point_mass,-0.07027180989583333,0.02,True
7d,member_4,mui,raw_preclip,pit_ecdf_ks,0.0,0.05,False
7d,member_4,mui,raw_preclip,central_cov_90,0.0,0.03,False
7d,member_4,mui,raw_preclip,rank_mean,0.0,0.03,False
7d,member_4,mui,raw_preclip,bias_unit,0.0,0.02,False
7d,member_4,mui,raw_preclip,boundary_point_mass,0.0,0.02,False
7d,member_4,mui,rejection_in_support,pit_ecdf_ks,0.005116959064327409,0.05,False
7d,member_4,mui,rejection_in_support,central_cov_90,-0.04166666666666663,0.03,True
7d,member_4,mui,rejection_in_support,rank_mean,-0.0021117608836906943,0.03,False
7d,member_4,mui,rejection_in_support,bias_unit,2.7030124329030514e-05,0.02,False
7d,member_4,mui,rejection_in_support,boundary_point_mass,-0.004353841145833333,0.02,False
7d,member_4,b,raw_preclip,pit_ecdf_ks,0.0,0.05,False
7d,member_4,b,raw_preclip,central_cov_90,0.0,0.03,False
7d,member_4,b,raw_preclip,rank_mean,0.0,0.03,False
7d,member_4,b,raw_preclip,bias_unit,0.0,0.02,False
7d,member_4,b,raw_preclip,boundary_point_mass,0.0,0.02,False
7d,member_4,b,rejection_in_support,pit_ecdf_ks,0.005847953216374269,0.05,False
7d,member_4,b,rejection_in_support,central_cov_90,-0.02083333333333326,0.03,False
7d,member_4,b,rejection_in_support,rank_mean,-0.0006497725795970855,0.03,False
7d,member_4,b,rejection_in_support,bias_unit,-0.0028015924617648125,0.02,False
7d,member_4,b,rejection_in_support,boundary_point_mass,-0.048624674479166664,0.02,True
7d,member_4,tauA,raw_preclip,pit_ecdf_ks,0.0,0.05,False
7d,member_4,tauA,raw_preclip,central_cov_90,0.0,0.03,False
7d,member_4,tauA,raw_preclip,rank_mean,0.0,0.03,False
7d,member_4,tauA,raw_preclip,bias_unit,0.0,0.02,False
7d,member_4,tauA,raw_preclip,boundary_point_mass,0.0,0.02,False
7d,member_4,tauA,rejection_in_support,pit_ecdf_ks,-0.001340155945419086,0.05,False
7d,member_4,tauA,rejection_in_support,central_cov_90,-0.0625,0.03,True
7d,member_4,tauA,rejection_in_support,rank_mean,0.01299545159194282,0.03,False
7d,member_4,tauA,rejection_in_support,bias_unit,-0.0015454646199941635,0.02,False
7d,member_4,tauA,rejection_in_support,boundary_point_mass,-0.06538899739583334,0.02,True
7d,member_4,g_LK,raw_preclip,pit_ecdf_ks,0.0,0.05,False
7d,member_4,g_LK,raw_preclip,central_cov_90,0.0,0.03,False
7d,member_4,g_LK,raw_preclip,rank_mean,0.0,0.03,False
7d,member_4,g_LK,raw_preclip,bias_unit,0.0,0.02,False
7d,member_4,g_LK,raw_preclip,boundary_point_mass,0.0,0.02,False
7d,member_4,g_LK,rejection_in_support,pit_ecdf_ks,0.01693469785575047,0.05,False
7d,member_4,g_LK,rejection_in_support,central_cov_90,-0.08333333333333337,0.03,True
7d,member_4,g_LK,rejection_in_support,rank_mean,0.012142625081221547,0.03,False
7d,member_4,g_LK,rejection_in_support,bias_unit,-0.007390921896634001,0.02,False
7d,member_4,g_LK,rejection_in_support,boundary_point_mass,-0.053995768229166664,0.02,True
7d,member_4,g_h,raw_preclip,pit_ecdf_ks,0.0,0.05,False
7d,member_4,g_h,raw_preclip,central_cov_90,0.0,0.03,False
7d,member_4,g_h,raw_preclip,rank_mean,0.0,0.03,False
7d,member_4,g_h,raw_preclip,bias_unit,0.0,0.02,False
7d,member_4,g_h,raw_preclip,boundary_point_mass,0.0,0.02,False
7d,member_4,g_h,rejection_in_support,pit_ecdf_ks,0.020346003898635445,0.05,False
7d,member_4,g_h,rejection_in_support,central_cov_90,-0.0625,0.03,True
7d,member_4,g_h,rejection_in_support,rank_mean,0.007147498375568495,0.03,False
7d,member_4,g_h,rejection_in_support,bias_unit,-0.0032081380486488342,0.02,False
7d,member_4,g_h,rejection_in_support,boundary_point_mass,-0.029256184895833332,0.02,True
7d,member_4,c_th2ctx,raw_preclip,pit_ecdf_ks,0.0,0.05,False
7d,member_4,c_th2ctx,raw_preclip,central_cov_90,0.0,0.03,False
7d,member_4,c_th2ctx,raw_preclip,rank_mean,0.0,0.03,False
7d,member_4,c_th2ctx,raw_preclip,bias_unit,0.0,0.02,False
7d,member_4,c_th2ctx,raw_preclip,boundary_point_mass,0.0,0.02,False
7d,member_4,c_th2ctx,rejection_in_support,pit_ecdf_ks,0.007188109161793466,0.05,False
7d,member_4,c_th2ctx,rejection_in_support,central_cov_90,-0.10416666666666663,0.03,True
7d,member_4,c_th2ctx,rejection_in_support,rank_mean,0.005929174788823932,0.03,False
7d,member_4,c_th2ctx,rejection_in_support,bias_unit,-0.0011289462757607394,0.02,False
7d,member_4,c_th2ctx,rejection_in_support,boundary_point_mass,-0.036661783854166664,0.02,True
7d,member_5,mue,raw_preclip,pit_ecdf_ks,0.0,0.05,False
7d,member_5,mue,raw_preclip,central_cov_90,0.0,0.03,False
7d,member_5,mue,raw_preclip,rank_mean,0.0,0.03,False
7d,member_5,mue,raw_preclip,bias_unit,0.0,0.02,False
7d,member_5,mue,raw_preclip,boundary_point_mass,0.0,0.02,False
7d,member_5,mue,rejection_in_support,pit_ecdf_ks,0.06176900584795314,0.05,True
7d,member_5,mue,rejection_in_support,central_cov_90,-0.0625,0.03,True
7d,member_5,mue,rejection_in_support,rank_mean,0.01616309291747886,0.03,False
7d,member_5,mue,rejection_in_support,bias_unit,-0.010305773156384628,0.02,False
7d,member_5,mue,rejection_in_support,boundary_point_mass,-0.0816650390625,0.02,True
7d,member_5,mui,raw_preclip,pit_ecdf_ks,0.0,0.05,False
7d,member_5,mui,raw_preclip,central_cov_90,0.0,0.03,False
7d,member_5,mui,raw_preclip,rank_mean,0.0,0.03,False
7d,member_5,mui,raw_preclip,bias_unit,0.0,0.02,False
7d,member_5,mui,raw_preclip,boundary_point_mass,0.0,0.02,False
7d,member_5,mui,rejection_in_support,pit_ecdf_ks,-0.00999025341130605,0.05,False
7d,member_5,mui,rejection_in_support,central_cov_90,0.0,0.03,False
7d,member_5,mui,rejection_in_support,rank_mean,0.0003654970760234022,0.03,False
7d,member_5,mui,rejection_in_support,bias_unit,0.000250738812610507,0.02,False
7d,member_5,mui,rejection_in_support,boundary_point_mass,-0.004313151041666667,0.02,False
7d,member_5,b,raw_preclip,pit_ecdf_ks,0.0,0.05,False
7d,member_5,b,raw_preclip,central_cov_90,0.0,0.03,False
7d,member_5,b,raw_preclip,rank_mean,0.0,0.03,False
7d,member_5,b,raw_preclip,bias_unit,0.0,0.02,False
7d,member_5,b,raw_preclip,boundary_point_mass,0.0,0.02,False
7d,member_5,b,rejection_in_support,pit_ecdf_ks,-0.016203703703703665,0.05,False
7d,member_5,b,rejection_in_support,central_cov_90,-0.02083333333333337,0.03,False
7d,member_5,b,rejection_in_support,rank_mean,0.006822612085770008,0.03,False
7d,member_5,b,rejection_in_support,bias_unit,-0.004049438750371338,0.02,False
7d,member_5,b,rejection_in_support,boundary_point_mass,-0.0584716796875,0.02,True
7d,member_5,tauA,raw_preclip,pit_ecdf_ks,0.0,0.05,False
7d,member_5,tauA,raw_preclip,central_cov_90,0.0,0.03,False
7d,member_5,tauA,raw_preclip,rank_mean,0.0,0.03,False
7d,member_5,tauA,raw_preclip,bias_unit,0.0,0.02,False
7d,member_5,tauA,raw_preclip,boundary_point_mass,0.0,0.02,False
7d,member_5,tauA,rejection_in_support,pit_ecdf_ks,0.03057992202729043,0.05,False
7d,member_5,tauA,rejection_in_support,central_cov_90,-0.08333333333333326,0.03,True
7d,member_5,tauA,rejection_in_support,rank_mean,0.014457439896036317,0.03,False
7d,member_5,tauA,rejection_in_support,bias_unit,-0.005715994630008936,0.02,False
7d,member_5,tauA,rejection_in_support,boundary_point_mass,-0.08052571614583333,0.02,True
7d,member_5,g_LK,raw_preclip,pit_ecdf_ks,0.0,0.05,False
7d,member_5,g_LK,raw_preclip,central_cov_90,0.0,0.03,False
7d,member_5,g_LK,raw_preclip,rank_mean,0.0,0.03,False
7d,member_5,g_LK,raw_preclip,bias_unit,0.0,0.02,False
7d,member_5,g_LK,raw_preclip,boundary_point_mass,0.0,0.02,False
7d,member_5,g_LK,rejection_in_support,pit_ecdf_ks,0.007797270955165692,0.05,False
7d,member_5,g_LK,rejection_in_support,central_cov_90,0.0,0.03,False
7d,member_5,g_LK,rejection_in_support,rank_mean,0.007756660168940832,0.03,False
7d,member_5,g_LK,rejection_in_support,bias_unit,-0.0018392319519383211,0.02,False
7d,member_5,g_LK,rejection_in_support,boundary_point_mass,-0.052490234375,0.02,True
7d,member_5,g_h,raw_preclip,pit_ecdf_ks,0.0,0.05,False
7d,member_5,g_h,raw_preclip,central_cov_90,0.0,0.03,False
7d,member_5,g_h,raw_preclip,rank_mean,0.0,0.03,False
7d,member_5,g_h,raw_preclip,bias_unit,0.0,0.02,False
7d,member_5,g_h,raw_preclip,boundary_point_mass,0.0,0.02,False
7d,member_5,g_h,rejection_in_support,pit_ecdf_ks,0.015229044834307981,0.05,False
7d,member_5,g_h,rejection_in_support,central_cov_90,-0.10416666666666663,0.03,True
7d,member_5,g_h,rejection_in_support,rank_mean,0.004507797270955072,0.03,False
7d,member_5,g_h,rejection_in_support,bias_unit,0.002056464397658905,0.02,False
7d,member_5,g_h,rejection_in_support,boundary_point_mass,-0.0302734375,0.02,True
7d,member_5,c_th2ctx,raw_preclip,pit_ecdf_ks,0.0,0.05,False
7d,member_5,c_th2ctx,raw_preclip,central_cov_90,0.0,0.03,False
7d,member_5,c_th2ctx,raw_preclip,rank_mean,0.0,0.03,False
7d,member_5,c_th2ctx,raw_preclip,bias_unit,0.0,0.02,False
7d,member_5,c_th2ctx,raw_preclip,boundary_point_mass,0.0,0.02,False
7d,member_5,c_th2ctx,rejection_in_support,pit_ecdf_ks,0.0,0.05,False
7d,member_5,c_th2ctx,rejection_in_support,central_cov_90,-0.0625,0.03,True
7d,member_5,c_th2ctx,rejection_in_support,rank_mean,0.0004467186484728991,0.03,False
7d,member_5,c_th2ctx,rejection_in_support,bias_unit,0.0002000670259197576,0.02,False
7d,member_5,c_th2ctx,rejection_in_support,boundary_point_mass,-0.031005859375,0.02,True
7d,ensemble,mue,raw_preclip,pit_ecdf_ks,0.0,0.05,False
7d,ensemble,mue,raw_preclip,central_cov_90,0.0,0.03,False
7d,ensemble,mue,raw_preclip,rank_mean,0.0,0.03,False
7d,ensemble,mue,raw_preclip,bias_unit,0.0,0.02,False
7d,ensemble,mue,raw_preclip,boundary_point_mass,0.0,0.02,False
7d,ensemble,mue,rejection_in_support,pit_ecdf_ks,0.056530214424951264,0.05,True
7d,ensemble,mue,rejection_in_support,central_cov_90,-0.08333333333333337,0.03,True
7d,ensemble,mue,rejection_in_support,rank_mean,0.016487979207277514,0.03,False
7d,ensemble,mue,rejection_in_support,bias_unit,-0.00679549287694196,0.02,False
7d,ensemble,mue,rejection_in_support,boundary_point_mass,-0.0721435546875,0.02,True
7d,ensemble,mui,raw_preclip,pit_ecdf_ks,0.0,0.05,False
7d,ensemble,mui,raw_preclip,central_cov_90,0.0,0.03,False
7d,ensemble,mui,raw_preclip,rank_mean,0.0,0.03,False
7d,ensemble,mui,raw_preclip,bias_unit,0.0,0.02,False
7d,ensemble,mui,raw_preclip,boundary_point_mass,0.0,0.02,False
7d,ensemble,mui,rejection_in_support,pit_ecdf_ks,0.016081871345029253,0.05,False
7d,ensemble,mui,rejection_in_support,central_cov_90,0.0,0.03,False
7d,ensemble,mui,rejection_in_support,rank_mean,-0.009381091617933768,0.03,False
7d,ensemble,mui,rejection_in_support,bias_unit,0.00014927455534537648,0.02,False
7d,ensemble,mui,rejection_in_support,boundary_point_mass,-0.004150390625,0.02,False
7d,ensemble,b,raw_preclip,pit_ecdf_ks,0.0,0.05,False
7d,ensemble,b,raw_preclip,central_cov_90,0.0,0.03,False
7d,ensemble,b,raw_preclip,rank_mean,0.0,0.03,False
7d,ensemble,b,raw_preclip,bias_unit,0.0,0.02,False
7d,ensemble,b,raw_preclip,boundary_point_mass,0.0,0.02,False
7d,ensemble,b,rejection_in_support,pit_ecdf_ks,0.025462962962962965,0.05,False
7d,ensemble,b,rejection_in_support,central_cov_90,-0.0625,0.03,True
7d,ensemble,b,rejection_in_support,rank_mean,0.002923976608187051,0.03,False
7d,ensemble,b,rejection_in_support,bias_unit,-0.0016207927837967873,0.02,False
7d,ensemble,b,rejection_in_support,boundary_point_mass,-0.0433349609375,0.02,True
7d,ensemble,tauA,raw_preclip,pit_ecdf_ks,0.0,0.05,False
7d,ensemble,tauA,raw_preclip,central_cov_90,0.0,0.03,False
7d,ensemble,tauA,raw_preclip,rank_mean,0.0,0.03,False
7d,ensemble,tauA,raw_preclip,bias_unit,0.0,0.02,False
7d,ensemble,tauA,raw_preclip,boundary_point_mass,0.0,0.02,False
7d,ensemble,tauA,rejection_in_support,pit_ecdf_ks,0.018153021442495143,0.05,False
7d,ensemble,tauA,rejection_in_support,central_cov_90,-0.02083333333333337,0.03,False
7d,ensemble,tauA,rejection_in_support,rank_mean,0.017868745938921404,0.03,False
7d,ensemble,tauA,rejection_in_support,bias_unit,-0.0028340943778554645,0.02,False
7d,ensemble,tauA,rejection_in_support,boundary_point_mass,-0.0689697265625,0.02,True
7d,ensemble,g_LK,raw_preclip,pit_ecdf_ks,0.0,0.05,False
7d,ensemble,g_LK,raw_preclip,central_cov_90,0.0,0.03,False
7d,ensemble,g_LK,raw_preclip,rank_mean,0.0,0.03,False
7d,ensemble,g_LK,raw_preclip,bias_unit,0.0,0.02,False
7d,ensemble,g_LK,raw_preclip,boundary_point_mass,0.0,0.02,False
7d,ensemble,g_LK,rejection_in_support,pit_ecdf_ks,0.015107212475633514,0.05,False
7d,ensemble,g_LK,rejection_in_support,central_cov_90,-0.04166666666666674,0.03,True
7d,ensemble,g_LK,rejection_in_support,rank_mean,0.0221734892787524,0.03,False
7d,ensemble,g_LK,rejection_in_support,bias_unit,-0.01094825977149109,0.02,False
7d,ensemble,g_LK,rejection_in_support,boundary_point_mass,-0.0504150390625,0.02,True
7d,ensemble,g_h,raw_preclip,pit_ecdf_ks,0.0,0.05,False
7d,ensemble,g_h,raw_preclip,central_cov_90,0.0,0.03,False
7d,ensemble,g_h,raw_preclip,rank_mean,0.0,0.03,False
7d,ensemble,g_h,raw_preclip,bias_unit,0.0,0.02,False
7d,ensemble,g_h,raw_preclip,boundary_point_mass,0.0,0.02,False
7d,ensemble,g_h,rejection_in_support,pit_ecdf_ks,0.05640838206627685,0.05,True
7d,ensemble,g_h,rejection_in_support,central_cov_90,-0.10416666666666663,0.03,True
7d,ensemble,g_h,rejection_in_support,rank_mean,0.008243989603638813,0.03,False
7d,ensemble,g_h,rejection_in_support,bias_unit,-0.0024052468749384097,0.02,False
7d,ensemble,g_h,rejection_in_support,boundary_point_mass,-0.0294189453125,0.02,True
7d,ensemble,c_th2ctx,raw_preclip,pit_ecdf_ks,0.0,0.05,False
7d,ensemble,c_th2ctx,raw_preclip,central_cov_90,0.0,0.03,False
7d,ensemble,c_th2ctx,raw_preclip,rank_mean,0.0,0.03,False
7d,ensemble,c_th2ctx,raw_preclip,bias_unit,0.0,0.02,False
7d,ensemble,c_th2ctx,raw_preclip,boundary_point_mass,0.0,0.02,False
7d,ensemble,c_th2ctx,rejection_in_support,pit_ecdf_ks,0.03252923976608185,0.05,False
7d,ensemble,c_th2ctx,rejection_in_support,central_cov_90,-0.04166666666666663,0.03,True
7d,ensemble,c_th2ctx,rejection_in_support,rank_mean,0.01665042235217684,0.03,False
7d,ensemble,c_th2ctx,rejection_in_support,bias_unit,-0.008079401295011245,0.02,False
7d,ensemble,c_th2ctx,rejection_in_support,boundary_point_mass,-0.037272135416666664,0.02,True
