distribution,training_iqr_scaled_euclidean_distance
posterior_predictive,2.1305832567549734
posterior_predictive,1.522554604024016
posterior_predictive,2.6755989351291087
posterior_predictive,1.9118770133329088
posterior_predictive,3.0632056022390324
posterior_predictive,2.504713699225822
posterior_predictive,4.05039027965329
posterior_predictive,1.8932978856767182
posterior_predictive,0.8566258660094269
posterior_predictive,3.203180597775943
posterior_predictive,2.533498646482056
posterior_predictive,3.403072198537193
posterior_predictive,2.31925031191539
posterior_predictive,3.306513861133386
posterior_predictive,2.5636817879729086
posterior_predictive,1.7379017128928906
posterior_predictive,3.1800437285686414
posterior_predictive,3.0191877677306844
posterior_predictive,2.313601852824594
posterior_predictive,2.645750601332756
posterior_predictive,1.176706378204422
posterior_predictive,2.387357850671335
posterior_predictive,3.8803390865464404
posterior_predictive,2.310955425752748
posterior_predictive,3.4000286300218336
posterior_predictive,2.4212719586082745
posterior_predictive,3.2810463829575642
posterior_predictive,2.5843361565351066
posterior_predictive,1.523811650763965
posterior_predictive,1.171052513808909
posterior_predictive,3.3592721528526672
posterior_predictive,3.624935623369819
posterior_predictive,1.1111674431876848
posterior_predictive,2.835577640891791
posterior_predictive,3.2236857173209668
posterior_predictive,1.0861658429318284
posterior_predictive,2.7698351954762894
posterior_predictive,1.0551837895064775
posterior_predictive,2.4146039465234637
posterior_predictive,2.749667343994762
posterior_predictive,3.883151943588594
posterior_predictive,3.7392335679738617
posterior_predictive,2.6781480049972815
posterior_predictive,3.06422696811237
posterior_predictive,1.592574557510397
posterior_predictive,3.223774716244124
posterior_predictive,3.69302817413812
posterior_predictive,3.1576289854059936
posterior_predictive,2.143439168137831
posterior_predictive,1.657322666867869
posterior_predictive,2.942001673452201
posterior_predictive,1.1820334458566188
posterior_predictive,1.5560312680196917
posterior_predictive,1.8804863264492546
posterior_predictive,2.844131641209465
posterior_predictive,3.288516604131782
posterior_predictive,2.7667586215877438
posterior_predictive,3.258256809006717
posterior_predictive,2.3591586518503385
posterior_predictive,4.405607659340745
posterior_predictive,1.30069685443731
posterior_predictive,2.944350623948237
posterior_predictive,3.0820984924242727
posterior_predictive,1.3609144263756574
posterior_predictive,2.4403143003748227
posterior_predictive,2.564259379062534
posterior_predictive,2.66043267534852
posterior_predictive,1.92898116861769
posterior_predictive,3.3689292136985802
posterior_predictive,3.327909264055115
posterior_predictive,1.637747735676331
posterior_predictive,3.251161026348427
posterior_predictive,3.1796430513958187
posterior_predictive,3.360442639360142
posterior_predictive,4.337723740743167
posterior_predictive,1.609074246873979
posterior_predictive,2.850660378370683
posterior_predictive,1.6710814602221047
posterior_predictive,2.7837238393240433
posterior_predictive,2.6031673137409483
posterior_predictive,2.245128821494164
posterior_predictive,3.516883414441995
posterior_predictive,2.9388127590833535
posterior_predictive,0.8468671408633592
posterior_predictive,3.404119080956534
posterior_predictive,1.1301314388059516
posterior_predictive,3.0808231173637175
posterior_predictive,2.0926784709156983
posterior_predictive,3.17344249585899
posterior_predictive,2.615968314240941
posterior_predictive,1.15129032383254
posterior_predictive,3.2397578623375307
posterior_predictive,2.5322520457522497
posterior_predictive,2.8713215125250655
posterior_predictive,3.5318957609455204
posterior_predictive,2.2631930008041823
posterior_predictive,2.560258427821616
posterior_predictive,2.4157545315121727
posterior_predictive,1.619581416716819
posterior_predictive,4.28011296822132
posterior_predictive,3.0163912448639256
posterior_predictive,1.546005083034905
posterior_predictive,2.5028784968946036
posterior_predictive,3.1997956732504442
posterior_predictive,2.2318347257451676
posterior_predictive,3.996438377234311
posterior_predictive,1.066339748126987
posterior_predictive,3.0242201696079944
posterior_predictive,6.062966655913377
posterior_predictive,0.8933803198898177
posterior_predictive,4.741084514504648
posterior_predictive,3.147191114878092
posterior_predictive,3.9208899020760772
posterior_predictive,2.171181869872919
posterior_predictive,2.412416941170074
posterior_predictive,4.206419081256972
posterior_predictive,3.2915502971571526
posterior_predictive,3.0656707608679303
posterior_predictive,3.2086969155674745
posterior_predictive,3.3772141431378278
posterior_predictive,2.10703156736559
posterior_predictive,3.4262961997719708
posterior_predictive,1.2235276226499519
posterior_predictive,2.70379087383335
posterior_predictive,1.0343472501951605
posterior_predictive,1.7077593488883391
posterior_predictive,3.4864532900628515
posterior_predictive,1.9258158004094483
posterior_predictive,3.7757674836997865
posterior_predictive,2.8353186432633914
posterior_predictive,1.5880052483940348
posterior_predictive,3.6424871010024393
posterior_predictive,1.0956926026466136
posterior_predictive,2.7384277231767418
posterior_predictive,1.9277392689797346
posterior_predictive,2.579791470833815
posterior_predictive,2.8378685875970104
posterior_predictive,3.165891052346722
posterior_predictive,1.3903603625390568
posterior_predictive,1.4965781710645507
posterior_predictive,3.9421985031690934
posterior_predictive,2.609980641104637
posterior_predictive,4.284213887949687
posterior_predictive,1.5271595409695193
posterior_predictive,3.0687813341312045
posterior_predictive,3.628609399233911
posterior_predictive,1.443514431069184
posterior_predictive,3.8098455680223364
posterior_predictive,3.1217546652627126
posterior_predictive,2.666059319273191
posterior_predictive,2.1009517978694014
posterior_predictive,3.4355269978545033
posterior_predictive,3.325654722982488
posterior_predictive,2.714493760518104
posterior_predictive,2.873155202452893
posterior_predictive,3.0937034138868613
posterior_predictive,3.2996718780608165
posterior_predictive,0.9659486721978908
posterior_predictive,1.1413321630667905
posterior_predictive,2.752365027685955
posterior_predictive,4.216706290039659
posterior_predictive,2.591089599801554
posterior_predictive,2.1582734772732866
posterior_predictive,3.0213159938846665
posterior_predictive,2.2993336228042525
posterior_predictive,2.632155103674067
posterior_predictive,3.903242838055263
posterior_predictive,1.541364986474211
posterior_predictive,1.3929448131549735
posterior_predictive,2.9134819838384876
posterior_predictive,2.9607557848124575
posterior_predictive,3.2271534921289
posterior_predictive,3.1176289934818975
posterior_predictive,2.442669007332005
posterior_predictive,3.1624210238660657
posterior_predictive,2.321678622120777
posterior_predictive,1.3239925919461473
posterior_predictive,3.4358406319319097
posterior_predictive,2.864225688202791
posterior_predictive,3.5454935255205973
posterior_predictive,1.0467625275182473
posterior_predictive,0.750357207588465
posterior_predictive,2.9813781740363425
posterior_predictive,3.189470111358103
posterior_predictive,4.1874992802558895
posterior_predictive,4.211958093326096
posterior_predictive,3.1301202699352095
posterior_predictive,3.1764902950261016
posterior_predictive,1.495498510857838
posterior_predictive,3.668519424555956
posterior_predictive,2.3657995457751366
posterior_predictive,3.19542214111386
posterior_predictive,3.359105471440054
posterior_predictive,1.6303571648581383
posterior_predictive,3.337723420978415
posterior_predictive,3.1189033811606546
posterior_predictive,1.6673924097368087
posterior_predictive,3.236509707296551
posterior_predictive,7.194734180488437
posterior_predictive,3.3697444563673375
posterior_predictive,1.9168932526977405
posterior_predictive,3.2228603679091754
posterior_predictive,1.4605540915290571
posterior_predictive,3.8054004015869185
posterior_predictive,3.1033369898585805
posterior_predictive,2.2743941403139782
posterior_predictive,1.2527822396146815
posterior_predictive,2.7209270373108434
posterior_predictive,1.016693880128167
posterior_predictive,3.3745420564792936
posterior_predictive,1.3029366363464088
posterior_predictive,2.4680038995158857
posterior_predictive,2.733314737648828
posterior_predictive,3.1904783558645584
posterior_predictive,3.8839527683640194
posterior_predictive,2.0826338689524873
posterior_predictive,3.236877211007396
posterior_predictive,4.27190929963827
posterior_predictive,3.365080827302815
posterior_predictive,3.8477031768725927
posterior_predictive,3.5451392127533934
posterior_predictive,1.0497118969159562
posterior_predictive,3.3331826593647254
posterior_predictive,1.3187902190094563
posterior_predictive,3.3595094877033844
posterior_predictive,2.5361028854616827
posterior_predictive,0.9254779472837937
posterior_predictive,3.4515361710256496
posterior_predictive,2.135330251953279
posterior_predictive,3.590736616575132
posterior_predictive,2.7299492398650256
posterior_predictive,3.1587486227215784
posterior_predictive,1.8355870649574442
posterior_predictive,2.9090116677272735
posterior_predictive,2.246351190741926
posterior_predictive,1.8265716405141
posterior_predictive,3.39820215442113
posterior_predictive,2.505271262843844
posterior_predictive,2.564616542741582
posterior_predictive,3.7733464808853943
posterior_predictive,3.370316760561113
posterior_predictive,2.2451693934600563
posterior_predictive,2.800047817400995
posterior_predictive,4.243256697852285
posterior_predictive,1.9214119411836765
posterior_predictive,1.6872282572118371
posterior_predictive,3.0382992962051967
posterior_predictive,2.8732716457280176
posterior_predictive,2.9043982514209885
posterior_predictive,3.3126100425228344
posterior_predictive,2.376794019743631
posterior_predictive,1.5747852466074077
posterior_predictive,3.9752887332715785
posterior_predictive,3.108202850548531
posterior_predictive,3.0312851783239414
posterior_predictive,3.402314742765692
prior_predictive,3.599809894959109
prior_predictive,4.289860232865127
prior_predictive,3.482929868658473
prior_predictive,3.574998315233197
prior_predictive,4.70824885093913
prior_predictive,2.310324681526899
prior_predictive,6.42146580253941
prior_predictive,2.2123326696229206
prior_predictive,4.173319796757346
prior_predictive,4.200893701193049
prior_predictive,5.464700876905796
prior_predictive,40.09401561395838
prior_predictive,3.70960973316033
prior_predictive,4.314723934389525
prior_predictive,3.4617678401132954
prior_predictive,7.845030279702043
prior_predictive,3.9556805416535297
prior_predictive,3.66686488397248
prior_predictive,3.969866517357323
prior_predictive,5.125324298856492
prior_predictive,5.061497216359124
prior_predictive,4.157511606252467
prior_predictive,45.712588674771574
prior_predictive,4.175672675657097
prior_predictive,5.499886714061733
prior_predictive,4.286267513880218
prior_predictive,2.9926453355580325
prior_predictive,4.504293458373473
prior_predictive,3.7370883122314402
prior_predictive,2.8732071726115818
prior_predictive,3.642380017394973
prior_predictive,4.64104164135094
prior_predictive,5.490138670770987
prior_predictive,3.801102093445898
prior_predictive,14.138627524009943
prior_predictive,4.7730269516587445
prior_predictive,4.947775606136256
prior_predictive,5.321589352193864
prior_predictive,4.9037388729013385
prior_predictive,4.425004046066101
prior_predictive,3.837701431312547
prior_predictive,3.624688601348661
prior_predictive,2.7937839071346935
prior_predictive,5.348433852257527
prior_predictive,4.544586945380649
prior_predictive,4.369599943490065
prior_predictive,1.884822796425999
prior_predictive,4.112993819336667
prior_predictive,5.019300633305247
prior_predictive,5.5772775275752755
prior_predictive,5.446617593800554
prior_predictive,3.4142270651415614
prior_predictive,3.208601100800323
prior_predictive,3.165626398552209
prior_predictive,4.5366279973788135
prior_predictive,3.5419597124946107
prior_predictive,3.545156961885173
prior_predictive,6.0587286393629105
prior_predictive,3.731576725985452
prior_predictive,8.332950071728781
prior_predictive,5.596821758495188
prior_predictive,3.3498322330691574
prior_predictive,5.3654130560406825
prior_predictive,25.358265682789188
prior_predictive,4.7592505436482995
prior_predictive,3.7094868830261363
prior_predictive,5.2847303958322875
prior_predictive,3.9919866185976556
prior_predictive,4.42000069099482
prior_predictive,5.638377641502834
prior_predictive,3.1684696914185917
prior_predictive,4.620902773419969
prior_predictive,3.3817401568569934
prior_predictive,4.615944602955126
prior_predictive,5.650508306291964
prior_predictive,4.35992000291417
prior_predictive,5.476241603715239
prior_predictive,4.080123166046601
prior_predictive,4.67057131885155
prior_predictive,3.7026333667358093
prior_predictive,4.376285565144097
prior_predictive,2.864140068838172
prior_predictive,4.929712339387819
prior_predictive,3.943360519674663
prior_predictive,4.483177392556859
prior_predictive,3.6916912638160664
prior_predictive,4.4883384086124245
prior_predictive,4.565041831750927
prior_predictive,4.8153902845952015
prior_predictive,4.698409272381294
prior_predictive,3.270672749401383
prior_predictive,4.637250867121178
prior_predictive,4.180242604724797
prior_predictive,14.909577476809831
prior_predictive,6.580355228344526
prior_predictive,4.135617953109418
prior_predictive,4.668784305427635
prior_predictive,3.6207142786377444
prior_predictive,4.434320308067544
prior_predictive,5.307922922177549
prior_predictive,4.242334209275885
prior_predictive,2.3759040260801587
prior_predictive,5.82470281051246
prior_predictive,3.9044573079145155
prior_predictive,5.144662166757489
prior_predictive,3.8552622764404414
prior_predictive,4.638106668308211
prior_predictive,4.367395247992671
prior_predictive,5.569373860789961
prior_predictive,3.0740055962309465
prior_predictive,4.238739667222906
prior_predictive,2.7644973040953413
prior_predictive,2.8231404147809775
prior_predictive,5.497602528257685
prior_predictive,3.9577251564675504
prior_predictive,3.2386779461688997
prior_predictive,2.3059852939212147
prior_predictive,4.168824770810951
prior_predictive,4.318885249987207
prior_predictive,4.586615958250311
prior_predictive,5.452884612553708
prior_predictive,4.661135238920692
prior_predictive,5.727949650432255
prior_predictive,4.819863723624696
prior_predictive,3.1800808230257016
prior_predictive,4.147442931367332
prior_predictive,4.679511730760145
prior_predictive,5.641595870464425
prior_predictive,3.4833050962565197
prior_predictive,5.955685604480145
prior_predictive,3.29379477494163
prior_predictive,4.216838919200554
prior_predictive,4.330448382453916
prior_predictive,3.7389273001499874
prior_predictive,5.841787135628915
prior_predictive,4.167066100323757
prior_predictive,5.4007171712554
prior_predictive,4.662648091752712
prior_predictive,5.007143572014823
prior_predictive,4.392571839643212
prior_predictive,4.252799904841629
prior_predictive,5.585069941975575
prior_predictive,43.662057027517996
prior_predictive,4.371401917231426
prior_predictive,4.206577121508051
prior_predictive,5.469390909822916
prior_predictive,3.2655910128522225
prior_predictive,108.72936194201952
prior_predictive,4.218698102617363
prior_predictive,3.1147101778718196
prior_predictive,4.783631247054757
prior_predictive,4.865318202357681
prior_predictive,1.9609337699131224
prior_predictive,3.7084118723894486
prior_predictive,6.553745031931818
prior_predictive,3.6556958083810036
prior_predictive,5.3702061643316465
prior_predictive,5.269432271116754
prior_predictive,2.896958436983563
prior_predictive,3.3201757916237247
prior_predictive,5.158565408313418
prior_predictive,4.380051731131734
prior_predictive,5.199925770166427
prior_predictive,18.421116841570658
prior_predictive,4.2746122699822715
prior_predictive,4.54113594462725
prior_predictive,3.6407516896266507
prior_predictive,20.089542133872353
prior_predictive,4.287249028309875
prior_predictive,5.400163448553788
prior_predictive,5.0013264344340005
prior_predictive,2.12375331070337
prior_predictive,4.460922438205968
prior_predictive,5.160512684643182
prior_predictive,5.276805790107221
prior_predictive,3.631822848140678
prior_predictive,3.4658709433518946
prior_predictive,3.0735662883114054
prior_predictive,4.102897611375765
prior_predictive,4.300636015657126
prior_predictive,4.461392070081498
prior_predictive,4.124568657934597
prior_predictive,3.5295662806049615
prior_predictive,4.483805118855594
prior_predictive,4.898768622708087
prior_predictive,4.581672316172715
prior_predictive,6.897128298291722
prior_predictive,4.938324106304289
prior_predictive,4.008551474230648
prior_predictive,3.3249001825710995
prior_predictive,7.301114692008732
prior_predictive,4.707727730119383
prior_predictive,5.687517450931776
prior_predictive,4.465464815917698
prior_predictive,4.290048319741803
prior_predictive,4.014697131658128
prior_predictive,4.386331546614934
prior_predictive,20.20460402372884
prior_predictive,4.173797839927609
prior_predictive,4.530643221187308
prior_predictive,4.1947731325135456
prior_predictive,4.65177741875696
prior_predictive,3.385186764925243
prior_predictive,4.600032718551175
prior_predictive,5.208003713865497
prior_predictive,1.7319217498808133
prior_predictive,4.653297959472196
prior_predictive,5.078829168225761
prior_predictive,3.1176193402767742
prior_predictive,3.979405739321741
prior_predictive,4.8815513257028975
prior_predictive,4.173228632448047
prior_predictive,3.7111396332409536
prior_predictive,4.259474748602801
prior_predictive,4.055072317180178
prior_predictive,5.3638103382244315
prior_predictive,6.392938729273737
prior_predictive,6.166763120481521
prior_predictive,3.370808549814116
prior_predictive,4.680276149967293
prior_predictive,3.3832734902758936
prior_predictive,4.685409438435236
prior_predictive,5.8781256764487635
prior_predictive,7.235487163634401
prior_predictive,3.550834342570138
prior_predictive,5.0319963852078144
prior_predictive,4.083740255560323
prior_predictive,3.9725066715400934
prior_predictive,3.0798743647036817
prior_predictive,4.233199668760796
prior_predictive,5.9347054481849835
prior_predictive,4.501581562396901
prior_predictive,3.9253684649139777
prior_predictive,5.125893648989548
prior_predictive,3.975417929623648
prior_predictive,2.99653460940064
prior_predictive,2.765172168886314
prior_predictive,4.489576367704076
prior_predictive,5.376527433708911
prior_predictive,3.7854156263186387
prior_predictive,4.629214701872212
prior_predictive,4.0904678033686395
prior_predictive,3.4432824422114696
prior_predictive,4.545256161081868
prior_predictive,5.524516652978342
prior_predictive,4.751317082649504
prior_predictive,4.268856372724006
prior_predictive,3.9107113440923005
prior_predictive,5.0692989251973986
prior_predictive,4.235988610276066
prior_predictive,4.836032698046331
prior_predictive,3.857824283277843
prior_predictive,5.050123478111505
prior_predictive,5.551873623624659
prior_predictive,3.982896835420075
prior_predictive,4.4712654477530736
