seed,condition,time_s,proxy,u_ctrl
77131,SHAM,15.0,-11.212038723464122,0.0
77131,SHAM,16.0,2.743000687326147,0.0
77131,SHAM,17.0,29.296034361730804,0.0
77131,SHAM,18.0,11.117900391322207,0.0
77131,SHAM,19.0,-4.005474805270448,0.0
77131,SHAM,20.0,3.163022080134109,0.0
77131,SHAM,21.0,2.4483420190078653,0.0
77131,SHAM,22.0,-10.3186951223641,0.0
77131,SHAM,23.0,4.352159860526794,0.0
77131,SHAM,24.0,0.591617527435917,0.0
77131,SHAM,25.0,-2.0348823267167306,0.0
77131,SHAM,26.0,-15.454095875811632,0.0
77131,SHAM,27.0,0.32114907223524947,0.0
77131,SHAM,28.0,4.421227212398931,0.0
77131,SHAM,29.0,28.206078287837045,0.0
77131,SHAM,30.0,-4.150318890767074,0.0
77131,SHAM,31.0,0.8733818865511,0.0
77131,SHAM,32.0,5.547838300762814,0.0
77131,SHAM,33.0,-8.08435604148367,0.0
77131,SHAM,34.0,4.161493005939837,0.0
77131,SHAM,35.0,1.0475893567720718,0.0
77131,SHAM,36.0,-2.341853967739549,0.0
77131,SHAM,37.0,-33.84611374520377,0.0
77131,SHAM,38.0,0.4985386505715006,0.0
77131,SHAM,39.0,3.2538661604055106,0.0
77131,SHAM,40.0,20.634338903778048,0.0
77131,SHAM,41.0,0.48366327923368146,0.0
77131,SHAM,42.0,1.5334464451595364,0.0
77131,SHAM,43.0,0.9880608061459462,0.0
77131,SHAM,44.0,-10.975870659887732,0.0
77131,SHAM,45.0,-23.748020852041748,0.0
77131,SHAM,46.0,3.0864509571433993,0.0
77131,SHAM,47.0,0.3804611392560871,0.0
77131,SHAM,48.0,-2.1211343950431005,0.0
77131,SHAM,49.0,0.3362590217091066,0.0
77131,SHAM,50.0,17.522832334091394,0.0
77131,SHAM,51.0,-4.364272111344729,0.0
77131,SHAM,52.0,3.6586737586672804,0.0
77131,SHAM,53.0,-0.7234915665539576,0.0
77131,SHAM,54.0,-0.20716792192890243,0.0
77131,SHAM,55.0,-13.686369810235071,0.0
77131,SHAM,56.0,-16.933938900421058,0.0
77131,SHAM,57.0,2.676589725616302,0.0
77131,SHAM,58.0,10.345611652677634,0.0
77131,SHAM,59.0,7.9644506679094285,0.0
77131,SHAM,60.0,-7.1378394214634096,0.0
77131,SHAM,61.0,7.98349513843476,0.0
77131,SHAM,62.0,2.935628601028445,0.0
77131,SHAM,63.0,-6.649063263953874,0.0
77131,SHAM,64.0,3.344601336128372,0.0
77131,SHAM,65.0,20.54098658624963,0.0
77131,SHAM,66.0,-2.5102962543888276,0.0
77131,SHAM,67.0,-23.626565131679943,0.0
77131,SHAM,68.0,0.4299695976908033,0.0
77131,SHAM,69.0,29.449684609028182,0.0
77131,SHAM,70.0,22.392715654871704,0.0
77131,SHAM,71.0,-2.581042304618175,0.0
77131,SHAM,72.0,2.754377420572424,0.0
77131,SHAM,73.0,-0.6145174327306435,0.0
77131,SHAM,74.0,-7.791006975968898,0.0
77131,FIXED,15.0,-11.137332998231708,0.035
77131,FIXED,16.0,2.681290148371074,0.035
77131,FIXED,17.0,27.247344982431564,0.035
77131,FIXED,18.0,12.427461250651366,0.035
77131,FIXED,19.0,-3.4291147264563615,0.035
77131,FIXED,20.0,1.020027895654363,0.035
77131,FIXED,21.0,2.1101929954427447,0.035
77131,FIXED,22.0,-13.08589142448099,0.035
77131,FIXED,23.0,4.428620258458982,0.035
77131,FIXED,24.0,0.2505492267182996,0.035
77131,FIXED,25.0,-2.0674849398669815,0.035
77131,FIXED,26.0,-18.534549068404694,0.035
77131,FIXED,27.0,0.5778461687714231,0.035
77131,FIXED,28.0,3.862622946451527,0.035
77131,FIXED,29.0,27.626554388503465,0.035
77131,FIXED,30.0,-3.3210861336219697,0.035
77131,FIXED,31.0,0.04535398724089812,0.035
77131,FIXED,32.0,-0.381047239575244,0.035
77131,FIXED,33.0,-9.387224286761967,0.035
77131,FIXED,34.0,3.538051758392391,0.035
77131,FIXED,35.0,0.9518821989071446,0.035
77131,FIXED,36.0,-2.4604516527531217,0.035
77131,FIXED,37.0,-23.021742075482386,0.035
77131,FIXED,38.0,0.6441555993259795,0.035
77131,FIXED,39.0,2.959634746014095,0.035
77131,FIXED,40.0,19.166466446580955,0.035
77131,FIXED,41.0,0.7270244800572978,0.035
77131,FIXED,42.0,-2.6659167268904884,0.035
77131,FIXED,43.0,0.9395749057393432,0.035
77131,FIXED,44.0,-13.442235182329954,0.035
77131,FIXED,45.0,0.6480981456690016,0.035
77131,FIXED,46.0,2.372603554374475,0.035
77131,FIXED,47.0,12.582086121528302,0.035
77131,FIXED,48.0,-1.5180008200961992,0.035
77131,FIXED,49.0,0.29830750823076624,0.035
77131,FIXED,50.0,17.27779637758094,0.035
77131,FIXED,51.0,-4.427189786538001,0.035
77131,FIXED,52.0,3.5011416649200546,0.035
77131,FIXED,53.0,-0.6606100948323257,0.035
77131,FIXED,54.0,-0.40535942693528115,0.035
77131,FIXED,55.0,-3.94730483107168,0.035
77131,FIXED,56.0,-25.131809841325886,0.035
77131,FIXED,57.0,2.578348363073679,0.035
77131,FIXED,58.0,24.985425624123316,0.035
77131,FIXED,59.0,1.8063395843264052,0.035
77131,FIXED,60.0,-5.7214576761557,0.035
77131,FIXED,61.0,6.037018535540123,0.035
77131,FIXED,62.0,2.361818780507652,0.035
77131,FIXED,63.0,-8.233490338585344,0.035
77131,FIXED,64.0,3.3018983845426844,0.035
77131,FIXED,65.0,15.468395898984937,0.035
77131,FIXED,66.0,-2.4337625931735496,0.035
77131,FIXED,67.0,-32.44117605134086,0.035
77131,FIXED,68.0,0.6232332481372671,0.035
77131,FIXED,69.0,5.0411094563664545,0.035
77131,FIXED,70.0,20.075218090342112,0.035
77131,FIXED,71.0,-2.0906161634036247,0.035
77131,FIXED,72.0,2.452244963280037,0.035
77131,FIXED,73.0,-0.6805464215793422,0.035
77131,FIXED,74.0,-9.06616787099255,0.035
77131,PHASE_LOCKED_FIXED,15.0,-11.212038723464122,0.0
77131,PHASE_LOCKED_FIXED,16.0,2.7377253307581784,0.0
77131,PHASE_LOCKED_FIXED,17.0,29.275613385268795,0.0
77131,PHASE_LOCKED_FIXED,18.0,11.117671488899507,0.0
77131,PHASE_LOCKED_FIXED,19.0,-4.008458321872038,0.0
77131,PHASE_LOCKED_FIXED,20.0,3.132846284811841,0.0
77131,PHASE_LOCKED_FIXED,21.0,2.448277060784604,0.0
77131,PHASE_LOCKED_FIXED,22.0,-10.320262598877063,0.0
77131,PHASE_LOCKED_FIXED,23.0,4.305966480499984,0.0
77131,PHASE_LOCKED_FIXED,24.0,0.5700504798906825,0.0
77131,PHASE_LOCKED_FIXED,25.0,-2.1413194817017365,0.0
77131,PHASE_LOCKED_FIXED,26.0,-16.592280764487732,0.0
77131,PHASE_LOCKED_FIXED,27.0,0.3191616823780663,0.0
77131,PHASE_LOCKED_FIXED,28.0,4.36658390850101,0.0
77131,PHASE_LOCKED_FIXED,29.0,28.205976847947657,0.0
77131,PHASE_LOCKED_FIXED,30.0,-4.113783916809643,0.0
77131,PHASE_LOCKED_FIXED,31.0,0.8531632029317948,0.0
77131,PHASE_LOCKED_FIXED,32.0,5.3711538781319454,0.0
77131,PHASE_LOCKED_FIXED,33.0,-8.084804893469418,0.0
77131,PHASE_LOCKED_FIXED,34.0,4.144258576031751,0.0
77131,PHASE_LOCKED_FIXED,35.0,1.134969418832188,0.035
77131,PHASE_LOCKED_FIXED,36.0,-2.3421819061275113,0.0
77131,PHASE_LOCKED_FIXED,37.0,-33.851070843709344,0.0
77131,PHASE_LOCKED_FIXED,38.0,0.5360010164675466,0.0
77131,PHASE_LOCKED_FIXED,39.0,3.2467086842415727,0.0
77131,PHASE_LOCKED_FIXED,40.0,20.67479095975099,0.035
77131,PHASE_LOCKED_FIXED,41.0,0.4833081172376297,0.0
77131,PHASE_LOCKED_FIXED,42.0,-2.6890061683409017,0.0
77131,PHASE_LOCKED_FIXED,43.0,0.9366841933312775,0.0
77131,PHASE_LOCKED_FIXED,44.0,-10.982281120627208,0.0
77131,PHASE_LOCKED_FIXED,45.0,-23.748087733528482,0.0
77131,PHASE_LOCKED_FIXED,46.0,3.057290671775398,0.0
77131,PHASE_LOCKED_FIXED,47.0,0.3804070194732283,0.0
77131,PHASE_LOCKED_FIXED,48.0,-2.1243070831300614,0.0
77131,PHASE_LOCKED_FIXED,49.0,0.31666421319833105,0.0
77131,PHASE_LOCKED_FIXED,50.0,17.778490297453274,0.035
77131,PHASE_LOCKED_FIXED,51.0,-4.463408516173413,0.0
77131,PHASE_LOCKED_FIXED,52.0,3.358570318889076,0.0
77131,PHASE_LOCKED_FIXED,53.0,-0.761460530935193,0.0
77131,PHASE_LOCKED_FIXED,54.0,-0.23300890461537271,0.0
77131,PHASE_LOCKED_FIXED,55.0,-10.68232508700758,0.0
77131,PHASE_LOCKED_FIXED,56.0,-16.960140147973174,0.0
77131,PHASE_LOCKED_FIXED,57.0,2.670295014183938,0.0
77131,PHASE_LOCKED_FIXED,58.0,10.235063768314618,0.0
77131,PHASE_LOCKED_FIXED,59.0,7.964246747923615,0.0
77131,PHASE_LOCKED_FIXED,60.0,-7.1425461106921775,0.0
77131,PHASE_LOCKED_FIXED,61.0,7.915736352647462,0.0
77131,PHASE_LOCKED_FIXED,62.0,2.9353305184670555,0.0
77131,PHASE_LOCKED_FIXED,63.0,-6.650646758554927,0.0
77131,PHASE_LOCKED_FIXED,64.0,3.311590213386978,0.0
77131,PHASE_LOCKED_FIXED,65.0,20.65378164093692,0.035
77131,PHASE_LOCKED_FIXED,66.0,-2.510636755890955,0.0
77131,PHASE_LOCKED_FIXED,67.0,-23.636149202774444,0.0
77131,PHASE_LOCKED_FIXED,68.0,0.42995276725530385,0.0
77131,PHASE_LOCKED_FIXED,69.0,29.44582497470558,0.0
77131,PHASE_LOCKED_FIXED,70.0,22.392254328502652,0.0
77131,PHASE_LOCKED_FIXED,71.0,-2.5820441692005147,0.0
77131,PHASE_LOCKED_FIXED,72.0,2.753036247976892,0.0
77131,PHASE_LOCKED_FIXED,73.0,-0.6145199217959529,0.0
77131,PHASE_LOCKED_FIXED,74.0,-7.79308568332816,0.0
77131,PHASE_LOCKED_ADAPTIVE,15.0,-11.212038723464122,0.0
77131,PHASE_LOCKED_ADAPTIVE,16.0,2.7377253307581784,0.0
77131,PHASE_LOCKED_ADAPTIVE,17.0,29.275613385268795,0.0
77131,PHASE_LOCKED_ADAPTIVE,18.0,11.117671488899507,0.0
77131,PHASE_LOCKED_ADAPTIVE,19.0,-4.008458321872038,0.0
77131,PHASE_LOCKED_ADAPTIVE,20.0,3.132846284811841,0.0
77131,PHASE_LOCKED_ADAPTIVE,21.0,2.448277060784604,0.0
77131,PHASE_LOCKED_ADAPTIVE,22.0,-10.320455623922713,0.0
77131,PHASE_LOCKED_ADAPTIVE,23.0,4.300388525930793,0.0
77131,PHASE_LOCKED_ADAPTIVE,24.0,0.5673931974899793,0.0
77131,PHASE_LOCKED_ADAPTIVE,25.0,-2.154266344059325,0.0
77131,PHASE_LOCKED_ADAPTIVE,26.0,-16.722610354052442,0.0
77131,PHASE_LOCKED_ADAPTIVE,27.0,0.3189425419178993,0.0
77131,PHASE_LOCKED_ADAPTIVE,28.0,4.360707593107499,0.0
77131,PHASE_LOCKED_ADAPTIVE,29.0,28.20596593935294,0.0
77131,PHASE_LOCKED_ADAPTIVE,30.0,-4.109499732417593,0.0
77131,PHASE_LOCKED_ADAPTIVE,31.0,0.8483049403010534,0.0
77131,PHASE_LOCKED_ADAPTIVE,32.0,5.329358298058123,0.0
77131,PHASE_LOCKED_ADAPTIVE,33.0,-8.084910171800837,0.0
77131,PHASE_LOCKED_ADAPTIVE,34.0,4.140088012245357,0.0
77131,PHASE_LOCKED_ADAPTIVE,35.0,1.1564590961101961,0.044339964641226935
77131,PHASE_LOCKED_ADAPTIVE,36.0,-2.3422621533751125,0.0
77131,PHASE_LOCKED_ADAPTIVE,37.0,-33.85226149762299,0.0
77131,PHASE_LOCKED_ADAPTIVE,38.0,0.5453500449340898,0.0
77131,PHASE_LOCKED_ADAPTIVE,39.0,3.2451638376079117,0.0
77131,PHASE_LOCKED_ADAPTIVE,40.0,20.685823138312305,0.04835551069373066
77131,PHASE_LOCKED_ADAPTIVE,41.0,0.4831868327304256,0.0
77131,PHASE_LOCKED_ADAPTIVE,42.0,-2.731434502967134,0.0
77131,PHASE_LOCKED_ADAPTIVE,43.0,0.9222865708198025,0.0
77131,PHASE_LOCKED_ADAPTIVE,44.0,-11.003303108831442,0.0
77131,PHASE_LOCKED_ADAPTIVE,45.0,-23.7481506283534,0.0
77131,PHASE_LOCKED_ADAPTIVE,46.0,3.047709624732181,0.0
77131,PHASE_LOCKED_ADAPTIVE,47.0,0.38038923762676025,0.0
77131,PHASE_LOCKED_ADAPTIVE,48.0,-2.125384658355606,0.0
77131,PHASE_LOCKED_ADAPTIVE,49.0,0.3098521638057239,0.0
77131,PHASE_LOCKED_ADAPTIVE,50.0,17.865778682562404,0.05
77131,PHASE_LOCKED_ADAPTIVE,51.0,-4.513155085104257,0.0
77131,PHASE_LOCKED_ADAPTIVE,52.0,3.2541702489348956,0.0
77131,PHASE_LOCKED_ADAPTIVE,53.0,-0.7745847149516982,0.0
77131,PHASE_LOCKED_ADAPTIVE,54.0,-0.24304294399796755,0.0
77131,PHASE_LOCKED_ADAPTIVE,55.0,-10.075660399622874,0.0
77131,PHASE_LOCKED_ADAPTIVE,56.0,-17.322013866367488,0.0
77131,PHASE_LOCKED_ADAPTIVE,57.0,2.6679687033903496,0.0
77131,PHASE_LOCKED_ADAPTIVE,58.0,10.220721800173969,0.0
77131,PHASE_LOCKED_ADAPTIVE,59.0,7.964220352939916,0.0
77131,PHASE_LOCKED_ADAPTIVE,60.0,-7.143858809058151,0.0
77131,PHASE_LOCKED_ADAPTIVE,61.0,7.889455555789193,0.0
77131,PHASE_LOCKED_ADAPTIVE,62.0,2.935216583139566,0.0
77131,PHASE_LOCKED_ADAPTIVE,63.0,-6.651217884856314,0.0
77131,PHASE_LOCKED_ADAPTIVE,64.0,3.2990202087165468,0.0
77131,PHASE_LOCKED_ADAPTIVE,65.0,20.697771089760327,0.05
77131,PHASE_LOCKED_ADAPTIVE,66.0,-2.5107689306127554,0.0
77131,PHASE_LOCKED_ADAPTIVE,67.0,-23.63987915801851,0.0
77131,PHASE_LOCKED_ADAPTIVE,68.0,0.4299462172314771,0.0
77131,PHASE_LOCKED_ADAPTIVE,69.0,29.44439026059273,0.0
77131,PHASE_LOCKED_ADAPTIVE,70.0,22.39207434929327,0.0
77131,PHASE_LOCKED_ADAPTIVE,71.0,-2.582428882598009,0.0
77131,PHASE_LOCKED_ADAPTIVE,72.0,2.751961580466278,0.0
77131,PHASE_LOCKED_ADAPTIVE,73.0,-0.6145219162586701,0.0
77131,PHASE_LOCKED_ADAPTIVE,74.0,-7.793895623847104,0.0
77131,PHASE_SHIFTED,15.0,-11.212038723464122,0.0
77131,PHASE_SHIFTED,16.0,2.743000687326147,0.0
77131,PHASE_SHIFTED,17.0,29.700753276884623,0.0
77131,PHASE_SHIFTED,18.0,11.19655066982455,0.0
77131,PHASE_SHIFTED,19.0,-4.107082411568447,0.0
77131,PHASE_SHIFTED,20.0,3.162649999573169,0.0
77131,PHASE_SHIFTED,21.0,2.3921576584280233,0.0
77131,PHASE_SHIFTED,22.0,-10.6580886336973,0.0396500098270215
77131,PHASE_SHIFTED,23.0,4.352708179825282,0.0
77131,PHASE_SHIFTED,24.0,0.6836718228099448,0.0
77131,PHASE_SHIFTED,25.0,-2.0629296929438654,0.0
77131,PHASE_SHIFTED,26.0,-15.477895007097464,0.0
77131,PHASE_SHIFTED,27.0,0.3174424701419487,0.0
77131,PHASE_SHIFTED,28.0,4.421220332823944,0.0
77131,PHASE_SHIFTED,29.0,28.205846826496728,0.0
77131,PHASE_SHIFTED,30.0,-4.196354858561263,0.0
77131,PHASE_SHIFTED,31.0,-0.3002638680637215,0.0
77131,PHASE_SHIFTED,32.0,5.5338398060803655,0.0
77131,PHASE_SHIFTED,33.0,-8.109125708903957,0.0
77131,PHASE_SHIFTED,34.0,4.16144745793221,0.0
77131,PHASE_SHIFTED,35.0,1.0355551727036394,0.0
77131,PHASE_SHIFTED,36.0,-2.2927926421248452,0.0
77131,PHASE_SHIFTED,37.0,-33.77011035019676,0.044339964641226935
77131,PHASE_SHIFTED,38.0,1.425318466360992,0.0
77131,PHASE_SHIFTED,39.0,3.0999645114031638,0.0
77131,PHASE_SHIFTED,40.0,19.367939336503536,0.0
77131,PHASE_SHIFTED,41.0,0.42431458047741955,0.0
77131,PHASE_SHIFTED,42.0,1.4955056320991478,0.0
77131,PHASE_SHIFTED,43.0,0.9879828509790689,0.0
77131,PHASE_SHIFTED,44.0,-10.98214831833728,0.0
77131,PHASE_SHIFTED,45.0,-23.788534340678076,0.0
77131,PHASE_SHIFTED,46.0,3.086398108503252,0.0
77131,PHASE_SHIFTED,47.0,0.3784585095681326,0.0
77131,PHASE_SHIFTED,48.0,-1.5627446231951947,0.0
77131,PHASE_SHIFTED,49.0,0.33426514419659936,0.0
77131,PHASE_SHIFTED,50.0,17.527090467972585,0.0
77131,PHASE_SHIFTED,51.0,-4.086853584728852,0.0
77131,PHASE_SHIFTED,52.0,3.551811166031399,0.0
77131,PHASE_SHIFTED,53.0,-0.7465118983038532,0.0
77131,PHASE_SHIFTED,54.0,-0.2971369539338964,0.0
77131,PHASE_SHIFTED,55.0,-13.691516375980422,0.0
77131,PHASE_SHIFTED,56.0,-16.93774636454605,0.0
77131,PHASE_SHIFTED,57.0,2.676582681092227,0.0
77131,PHASE_SHIFTED,58.0,10.344990991281822,0.0
77131,PHASE_SHIFTED,59.0,7.9432622228363945,0.0
77131,PHASE_SHIFTED,60.0,-7.1462209449864815,0.0
77131,PHASE_SHIFTED,61.0,7.983194916972103,0.0
77131,PHASE_SHIFTED,62.0,2.818724086329788,0.0
77131,PHASE_SHIFTED,63.0,-6.738817725389365,0.05
77131,PHASE_SHIFTED,64.0,3.345353991686817,0.0
77131,PHASE_SHIFTED,65.0,20.491105646654407,0.0
77131,PHASE_SHIFTED,66.0,-2.631504262902029,0.0
77131,PHASE_SHIFTED,67.0,-23.626800085558397,0.0
77131,PHASE_SHIFTED,68.0,0.4138565147456724,0.0
77131,PHASE_SHIFTED,69.0,29.5640351162279,0.0
77131,PHASE_SHIFTED,70.0,20.512820597388888,0.0
77131,PHASE_SHIFTED,71.0,-2.6105528416384747,0.0
77131,PHASE_SHIFTED,72.0,2.684387886472084,0.0
77131,PHASE_SHIFTED,73.0,-0.6147683441256269,0.0
77131,PHASE_SHIFTED,74.0,-7.489515411803059,0.05
88141,SHAM,15.0,3.1327144630905304,0.0
88141,SHAM,16.0,16.796831047068356,0.0
88141,SHAM,17.0,-12.26371517583556,0.0
88141,SHAM,18.0,-4.272825169980865,0.0
88141,SHAM,19.0,5.767094396478761,0.0
88141,SHAM,20.0,-6.604291766218918,0.0
88141,SHAM,21.0,1.8362746899105387,0.0
88141,SHAM,22.0,-1.5848025689909062,0.0
88141,SHAM,23.0,-3.1437072016496517,0.0
88141,SHAM,24.0,-15.45730665272315,0.0
88141,SHAM,25.0,5.086087528887029,0.0
88141,SHAM,26.0,2.445447149765012,0.0
88141,SHAM,27.0,10.102040979468807,0.0
88141,SHAM,28.0,-3.0464442624701937,0.0
88141,SHAM,29.0,-6.711226891785483,0.0
88141,SHAM,30.0,1.0822857232382965,0.0
88141,SHAM,31.0,-8.119198962689053,0.0
88141,SHAM,32.0,-11.489163008852255,0.0
88141,SHAM,33.0,1.1751885209113244,0.0
88141,SHAM,34.0,23.434936791933335,0.0
88141,SHAM,35.0,-1.4886374422920623,0.0
88141,SHAM,36.0,-9.485677507267509,0.0
88141,SHAM,37.0,12.997315094442847,0.0
88141,SHAM,38.0,5.5404722913849,0.0
88141,SHAM,39.0,1.4753542076505255,0.0
88141,SHAM,40.0,-4.1814106285671,0.0
88141,SHAM,41.0,-1.64936689244492,0.0
88141,SHAM,42.0,0.4293218990185532,0.0
88141,SHAM,43.0,-8.748083303317864,0.0
88141,SHAM,44.0,2.306567143156496,0.0
88141,SHAM,45.0,23.41041469550394,0.0
88141,SHAM,46.0,-2.75369683832839,0.0
88141,SHAM,47.0,-29.45177803523219,0.0
88141,SHAM,48.0,4.466853894952766,0.0
88141,SHAM,49.0,2.2233507738033618,0.0
88141,SHAM,50.0,-5.807441328621474,0.0
88141,SHAM,51.0,0.16932071938761672,0.0
88141,SHAM,52.0,6.629085070470592,0.0
88141,SHAM,53.0,-2.9134018447774745,0.0
88141,SHAM,54.0,-11.516723393822595,0.0
88141,SHAM,55.0,3.9161601304817886,0.0
88141,SHAM,56.0,21.909451404252444,0.0
88141,SHAM,57.0,12.40220656160947,0.0
88141,SHAM,58.0,-9.539493387050557,0.0
88141,SHAM,59.0,-0.994200649976712,0.0
88141,SHAM,60.0,-0.1283618932999886,0.0
88141,SHAM,61.0,-4.908338975793568,0.0
88141,SHAM,62.0,2.2380780039323644,0.0
88141,SHAM,63.0,-0.5936175524462683,0.0
88141,SHAM,64.0,-3.1973866157420954,0.0
88141,SHAM,65.0,-19.401957193970212,0.0
88141,SHAM,66.0,0.6517900556486655,0.0
88141,SHAM,67.0,2.8915022989520645,0.0
88141,SHAM,68.0,-1.9260173617458483,0.0
88141,SHAM,69.0,2.3446180308106577,0.0
88141,SHAM,70.0,-2.2946847661696914,0.0
88141,SHAM,71.0,-1.1610246720990536,0.0
88141,SHAM,72.0,-8.02349002104146,0.0
88141,SHAM,73.0,3.568666856058389,0.0
88141,SHAM,74.0,1.584786612104605,0.0
88141,FIXED,15.0,3.133900147190094,0.035
88141,FIXED,16.0,16.295431010114957,0.035
88141,FIXED,17.0,-8.547530977755608,0.035
88141,FIXED,18.0,-3.3582261050274176,0.035
88141,FIXED,19.0,1.85428187585715,0.035
88141,FIXED,20.0,-6.5969902509647325,0.035
88141,FIXED,21.0,1.6127841375220164,0.035
88141,FIXED,22.0,-1.5234347853882169,0.035
88141,FIXED,23.0,-3.179754324404329,0.035
88141,FIXED,24.0,-21.105761479820917,0.035
88141,FIXED,25.0,3.9320399295315944,0.035
88141,FIXED,26.0,2.3402037406270226,0.035
88141,FIXED,27.0,9.593394772889368,0.035
88141,FIXED,28.0,-2.657939532991438,0.035
88141,FIXED,29.0,-5.705202633333428,0.035
88141,FIXED,30.0,1.1067385698197207,0.035
88141,FIXED,31.0,-9.359652087299114,0.035
88141,FIXED,32.0,4.93397313291089,0.035
88141,FIXED,33.0,0.7250792073999368,0.035
88141,FIXED,34.0,15.541740197982945,0.035
88141,FIXED,35.0,-2.01302181182606,0.035
88141,FIXED,36.0,-7.221282089200503,0.035
88141,FIXED,37.0,12.746573783302996,0.035
88141,FIXED,38.0,16.863276622182262,0.035
88141,FIXED,39.0,1.1473252415659496,0.035
88141,FIXED,40.0,-3.7446492516132746,0.035
88141,FIXED,41.0,-1.6100371953478243,0.035
88141,FIXED,42.0,-0.4651326821378532,0.035
88141,FIXED,43.0,-10.961953075964335,0.035
88141,FIXED,44.0,2.245367538066334,0.035
88141,FIXED,45.0,18.540457059540344,0.035
88141,FIXED,46.0,-3.91178857583892,0.035
88141,FIXED,47.0,-17.036207669636756,0.035
88141,FIXED,48.0,1.8470207207375078,0.035
88141,FIXED,49.0,1.6685093035055165,0.035
88141,FIXED,50.0,-7.12293949948849,0.035
88141,FIXED,51.0,0.30631117906088634,0.035
88141,FIXED,52.0,4.687785571830921,0.035
88141,FIXED,53.0,-2.99452428568579,0.035
88141,FIXED,54.0,-13.599394472207571,0.035
88141,FIXED,55.0,3.571638968362284,0.035
88141,FIXED,56.0,3.507922933130664,0.035
88141,FIXED,57.0,11.3689269199522,0.035
88141,FIXED,58.0,-7.316081149610959,0.035
88141,FIXED,59.0,-1.0951371769541085,0.035
88141,FIXED,60.0,-0.43135924879685317,0.035
88141,FIXED,61.0,-5.602916794025814,0.035
88141,FIXED,62.0,1.9619830762812818,0.035
88141,FIXED,63.0,-0.6510074547382338,0.035
88141,FIXED,64.0,-3.0735744602689206,0.035
88141,FIXED,65.0,-26.145065386978732,0.035
88141,FIXED,66.0,0.5050991691637863,0.035
88141,FIXED,67.0,2.709896209077561,0.035
88141,FIXED,68.0,11.713656486134788,0.035
88141,FIXED,69.0,-2.423986644119741,0.035
88141,FIXED,70.0,-3.8610103354966565,0.035
88141,FIXED,71.0,-1.3563687525261214,0.035
88141,FIXED,72.0,-9.546036447242683,0.035
88141,FIXED,73.0,3.230714585958178,0.035
88141,FIXED,74.0,1.473910561165942,0.035
88141,PHASE_LOCKED_FIXED,15.0,3.1327144630905304,0.0
88141,PHASE_LOCKED_FIXED,16.0,16.9476309149483,0.035
88141,PHASE_LOCKED_FIXED,17.0,-12.26414318288221,0.0
88141,PHASE_LOCKED_FIXED,18.0,-4.271851450359998,0.0
88141,PHASE_LOCKED_FIXED,19.0,5.64469421657765,0.0
88141,PHASE_LOCKED_FIXED,20.0,-6.6045239267653075,0.0
88141,PHASE_LOCKED_FIXED,21.0,1.834304876318621,0.0
88141,PHASE_LOCKED_FIXED,22.0,-1.6213164864419871,0.0
88141,PHASE_LOCKED_FIXED,23.0,-3.1519974207225765,0.0
88141,PHASE_LOCKED_FIXED,24.0,-15.457388754547013,0.0
88141,PHASE_LOCKED_FIXED,25.0,5.084549588600273,0.0
88141,PHASE_LOCKED_FIXED,26.0,2.428615923651012,0.0
88141,PHASE_LOCKED_FIXED,27.0,9.988881833586388,0.0
88141,PHASE_LOCKED_FIXED,28.0,-3.0466542654266515,0.0
88141,PHASE_LOCKED_FIXED,29.0,-6.723788864597085,0.0
88141,PHASE_LOCKED_FIXED,30.0,1.0563242729872802,0.0
88141,PHASE_LOCKED_FIXED,31.0,-8.061758958158793,0.0
88141,PHASE_LOCKED_FIXED,32.0,-11.489043364599883,0.0
88141,PHASE_LOCKED_FIXED,33.0,1.1554439918039117,0.0
88141,PHASE_LOCKED_FIXED,34.0,23.43490014808398,0.0
88141,PHASE_LOCKED_FIXED,35.0,-1.4889684211060517,0.0
88141,PHASE_LOCKED_FIXED,36.0,-9.49448316108712,0.0
88141,PHASE_LOCKED_FIXED,37.0,12.990505956268649,0.0
88141,PHASE_LOCKED_FIXED,38.0,4.876972940708014,0.0
88141,PHASE_LOCKED_FIXED,39.0,1.4767373396527617,0.0
88141,PHASE_LOCKED_FIXED,40.0,-4.211238132675621,0.0
88141,PHASE_LOCKED_FIXED,41.0,-1.6638614254093131,0.0
88141,PHASE_LOCKED_FIXED,42.0,-0.30399697823267346,0.0
88141,PHASE_LOCKED_FIXED,43.0,-8.751277139823703,0.0
88141,PHASE_LOCKED_FIXED,44.0,2.302864880892874,0.0
88141,PHASE_LOCKED_FIXED,45.0,23.413345541567164,0.0
88141,PHASE_LOCKED_FIXED,46.0,-2.7536917667432603,0.0
88141,PHASE_LOCKED_FIXED,47.0,-26.11556436393813,0.035
88141,PHASE_LOCKED_FIXED,48.0,4.466277496400734,0.0
88141,PHASE_LOCKED_FIXED,49.0,2.223349704078231,0.0
88141,PHASE_LOCKED_FIXED,50.0,-5.808582295050821,0.0
88141,PHASE_LOCKED_FIXED,51.0,0.16872446767586258,0.0
88141,PHASE_LOCKED_FIXED,52.0,6.577280699918764,0.0
88141,PHASE_LOCKED_FIXED,53.0,-2.9135514203050605,0.0
88141,PHASE_LOCKED_FIXED,54.0,-11.521417860719373,0.0
88141,PHASE_LOCKED_FIXED,55.0,3.9138066437683525,0.0
88141,PHASE_LOCKED_FIXED,56.0,21.29330687352265,0.0
88141,PHASE_LOCKED_FIXED,57.0,12.586647082145335,0.035
88141,PHASE_LOCKED_FIXED,58.0,-9.540024891230797,0.0
88141,PHASE_LOCKED_FIXED,59.0,-0.9946715294674169,0.0
88141,PHASE_LOCKED_FIXED,60.0,-0.3410238059700532,0.0
88141,PHASE_LOCKED_FIXED,61.0,-4.908755679177701,0.0
88141,PHASE_LOCKED_FIXED,62.0,2.016926733856783,0.0
88141,PHASE_LOCKED_FIXED,63.0,-0.611755957616883,0.0
88141,PHASE_LOCKED_FIXED,64.0,-3.2508025124692033,0.0
88141,PHASE_LOCKED_FIXED,65.0,-19.40202920299447,0.0
88141,PHASE_LOCKED_FIXED,66.0,0.6415446658675161,0.0
88141,PHASE_LOCKED_FIXED,67.0,2.8914832641749824,0.0
88141,PHASE_LOCKED_FIXED,68.0,-1.9266194209625374,0.0
88141,PHASE_LOCKED_FIXED,69.0,-2.5979115132557737,0.0
88141,PHASE_LOCKED_FIXED,70.0,-2.3013564551649655,0.0
88141,PHASE_LOCKED_FIXED,71.0,-1.2066134174099075,0.0
88141,PHASE_LOCKED_FIXED,72.0,-8.129003820243033,0.0
88141,PHASE_LOCKED_FIXED,73.0,3.568475803165355,0.0
88141,PHASE_LOCKED_FIXED,74.0,1.5485913259657924,0.0
88141,PHASE_LOCKED_ADAPTIVE,15.0,3.1327144630905304,0.0
88141,PHASE_LOCKED_ADAPTIVE,16.0,16.9476309149483,0.035
88141,PHASE_LOCKED_ADAPTIVE,17.0,-12.26414318288221,0.0
88141,PHASE_LOCKED_ADAPTIVE,18.0,-4.271851450359998,0.0
88141,PHASE_LOCKED_ADAPTIVE,19.0,5.64469421657765,0.0
88141,PHASE_LOCKED_ADAPTIVE,20.0,-6.6045239267653075,0.0
88141,PHASE_LOCKED_ADAPTIVE,21.0,1.8344298570602102,0.0
88141,PHASE_LOCKED_ADAPTIVE,22.0,-1.6190017173714377,0.0
88141,PHASE_LOCKED_ADAPTIVE,23.0,-3.143662368750218,0.0
88141,PHASE_LOCKED_ADAPTIVE,24.0,-15.457368836901688,0.0
88141,PHASE_LOCKED_ADAPTIVE,25.0,5.0846470923360645,0.0
88141,PHASE_LOCKED_ADAPTIVE,26.0,2.429653643300206,0.0
88141,PHASE_LOCKED_ADAPTIVE,27.0,9.99599807912072,0.0
88141,PHASE_LOCKED_ADAPTIVE,28.0,-3.04664105916585,0.0
88141,PHASE_LOCKED_ADAPTIVE,29.0,-6.723156710994638,0.0
88141,PHASE_LOCKED_ADAPTIVE,30.0,1.0579581086248457,0.0
88141,PHASE_LOCKED_ADAPTIVE,31.0,-8.058997919240554,0.0
88141,PHASE_LOCKED_ADAPTIVE,32.0,-11.489037609268532,0.0
88141,PHASE_LOCKED_ADAPTIVE,33.0,1.1545705558487218,0.0
88141,PHASE_LOCKED_ADAPTIVE,34.0,23.434898527075354,0.0
88141,PHASE_LOCKED_ADAPTIVE,35.0,-1.4889837440957787,0.0
88141,PHASE_LOCKED_ADAPTIVE,36.0,-9.494889476806156,0.0
88141,PHASE_LOCKED_ADAPTIVE,37.0,12.989479175240998,0.0
88141,PHASE_LOCKED_ADAPTIVE,38.0,4.884567079806049,0.0
88141,PHASE_LOCKED_ADAPTIVE,39.0,1.4765897604914868,0.0
88141,PHASE_LOCKED_ADAPTIVE,40.0,-4.212613180765013,0.0
88141,PHASE_LOCKED_ADAPTIVE,41.0,-1.664854669430238,0.0
88141,PHASE_LOCKED_ADAPTIVE,42.0,-0.34483149101027233,0.0
88141,PHASE_LOCKED_ADAPTIVE,43.0,-8.751418181321204,0.0
88141,PHASE_LOCKED_ADAPTIVE,44.0,2.302612634260809,0.0
88141,PHASE_LOCKED_ADAPTIVE,45.0,23.413513719414375,0.0
88141,PHASE_LOCKED_ADAPTIVE,46.0,-2.753691481896481,0.0
88141,PHASE_LOCKED_ADAPTIVE,47.0,-25.855095062484846,0.037587353837505326
88141,PHASE_LOCKED_ADAPTIVE,48.0,4.466217273796752,0.0
88141,PHASE_LOCKED_ADAPTIVE,49.0,2.223349592312279,0.0
88141,PHASE_LOCKED_ADAPTIVE,50.0,-5.808660776451436,0.0
88141,PHASE_LOCKED_ADAPTIVE,51.0,0.1679664419649729,0.0
88141,PHASE_LOCKED_ADAPTIVE,52.0,6.563537421236404,0.0
88141,PHASE_LOCKED_ADAPTIVE,53.0,-2.913591072094307,0.0
88141,PHASE_LOCKED_ADAPTIVE,54.0,-11.522664991215555,0.0
88141,PHASE_LOCKED_ADAPTIVE,55.0,3.913182898276568,0.0
88141,PHASE_LOCKED_ADAPTIVE,56.0,21.019340353678107,0.0
88141,PHASE_LOCKED_ADAPTIVE,57.0,12.637307700917644,0.04514962415448702
88141,PHASE_LOCKED_ADAPTIVE,58.0,-9.540159854532327,0.0
88141,PHASE_LOCKED_ADAPTIVE,59.0,-0.9949132956405649,0.0
88141,PHASE_LOCKED_ADAPTIVE,60.0,-0.3939998347527396,0.0
88141,PHASE_LOCKED_ADAPTIVE,61.0,-4.90885927222553,0.0
88141,PHASE_LOCKED_ADAPTIVE,62.0,1.8954882884355262,0.0
88141,PHASE_LOCKED_ADAPTIVE,63.0,-0.627080345505715,0.0
88141,PHASE_LOCKED_ADAPTIVE,64.0,-3.327263699624709,0.0
88141,PHASE_LOCKED_ADAPTIVE,65.0,-19.40213308084145,0.0
88141,PHASE_LOCKED_ADAPTIVE,66.0,0.6375629927706239,0.0
88141,PHASE_LOCKED_ADAPTIVE,67.0,2.8914758666884643,0.0
88141,PHASE_LOCKED_ADAPTIVE,68.0,-1.9268537932679357,0.0
88141,PHASE_LOCKED_ADAPTIVE,69.0,-2.6434496004500097,0.0
88141,PHASE_LOCKED_ADAPTIVE,70.0,-2.3011742352586237,0.0
88141,PHASE_LOCKED_ADAPTIVE,71.0,-1.2240244702617697,0.0
88141,PHASE_LOCKED_ADAPTIVE,72.0,-8.198298143908874,0.0
88141,PHASE_LOCKED_ADAPTIVE,73.0,3.568349791736025,0.0
88141,PHASE_LOCKED_ADAPTIVE,74.0,1.5360670411256716,0.0
88141,PHASE_SHIFTED,15.0,3.1327144630905304,0.0
88141,PHASE_SHIFTED,16.0,16.796831047068356,0.0
88141,PHASE_SHIFTED,17.0,-12.292922362272918,0.0
88141,PHASE_SHIFTED,18.0,-4.331746477639315,0.0
88141,PHASE_SHIFTED,19.0,5.76653768208879,0.0
88141,PHASE_SHIFTED,20.0,-6.620334212277185,0.0
88141,PHASE_SHIFTED,21.0,1.9601889404500472,0.0326371663242477
88141,PHASE_SHIFTED,22.0,-1.5869672443037053,0.0
88141,PHASE_SHIFTED,23.0,-3.126481842881712,0.0
88141,PHASE_SHIFTED,24.0,-15.470427523844284,0.0
88141,PHASE_SHIFTED,25.0,5.308515368245997,0.0326371663242477
88141,PHASE_SHIFTED,26.0,2.4443008654076728,0.0
88141,PHASE_SHIFTED,27.0,10.151703613689028,0.0326371663242477
88141,PHASE_SHIFTED,28.0,-3.04675764269306,0.0
88141,PHASE_SHIFTED,29.0,-6.73857453800637,0.0
88141,PHASE_SHIFTED,30.0,1.0822160258874836,0.0
88141,PHASE_SHIFTED,31.0,-8.12259789335422,0.0
88141,PHASE_SHIFTED,32.0,-11.521620908755116,0.0
88141,PHASE_SHIFTED,33.0,1.1751220691985031,0.0
88141,PHASE_SHIFTED,34.0,23.433297880404773,0.0
88141,PHASE_SHIFTED,35.0,-1.7150801765986379,0.0
88141,PHASE_SHIFTED,36.0,-9.486151823595412,0.0
88141,PHASE_SHIFTED,37.0,12.999748506918468,0.0
88141,PHASE_SHIFTED,38.0,5.53693948953533,0.0
88141,PHASE_SHIFTED,39.0,1.3974880531689882,0.0
88141,PHASE_SHIFTED,40.0,-4.181555742575327,0.0
88141,PHASE_SHIFTED,41.0,-1.780208677854056,0.0
88141,PHASE_SHIFTED,42.0,0.4258680709552265,0.0
88141,PHASE_SHIFTED,43.0,-8.75249699372606,0.0
88141,PHASE_SHIFTED,44.0,2.48532065396434,0.037587353837505326
88141,PHASE_SHIFTED,45.0,23.410059533396872,0.0
88141,PHASE_SHIFTED,46.0,-2.7611935258270046,0.0
88141,PHASE_SHIFTED,47.0,-29.43729444921605,0.0
88141,PHASE_SHIFTED,48.0,4.383985561863913,0.0
88141,PHASE_SHIFTED,49.0,2.223196091784019,0.0
88141,PHASE_SHIFTED,50.0,-6.222924212891618,0.0
88141,PHASE_SHIFTED,51.0,0.3058339621806405,0.0
88141,PHASE_SHIFTED,52.0,6.62792494169695,0.0
88141,PHASE_SHIFTED,53.0,-2.961620895586392,0.0
88141,PHASE_SHIFTED,54.0,-11.516813499477145,0.0
88141,PHASE_SHIFTED,55.0,3.995709626734728,0.04514962415448702
88141,PHASE_SHIFTED,56.0,21.909014381387387,0.0
88141,PHASE_SHIFTED,57.0,12.401559653194377,0.0
88141,PHASE_SHIFTED,58.0,-9.55682895539871,0.0
88141,PHASE_SHIFTED,59.0,-1.0528725991900467,0.0
88141,PHASE_SHIFTED,60.0,-0.12851279505073365,0.0
88141,PHASE_SHIFTED,61.0,-4.933484463936714,0.0
88141,PHASE_SHIFTED,62.0,2.0616002483012985,0.0
88141,PHASE_SHIFTED,63.0,-0.5940724135823527,0.0
88141,PHASE_SHIFTED,64.0,-3.1682247916333637,0.0
88141,PHASE_SHIFTED,65.0,-19.443773535713277,0.0
88141,PHASE_SHIFTED,66.0,0.6517246819368383,0.0
88141,PHASE_SHIFTED,67.0,2.884057434612081,0.0
88141,PHASE_SHIFTED,68.0,-4.0179216901051795,0.0
88141,PHASE_SHIFTED,69.0,2.2170649647320237,0.0
88141,PHASE_SHIFTED,70.0,-1.5659855401487843,0.05
88141,PHASE_SHIFTED,71.0,-1.167350756802532,0.0
88141,PHASE_SHIFTED,72.0,-8.025795930259907,0.0
88141,PHASE_SHIFTED,73.0,3.5596190477405254,0.0
88141,PHASE_SHIFTED,74.0,1.584769438182998,0.0
99149,SHAM,15.0,-6.400294424748676,0.0
99149,SHAM,16.0,2.330852927173954,0.0
99149,SHAM,17.0,19.621979040685016,0.0
99149,SHAM,18.0,18.176434015182245,0.0
99149,SHAM,19.0,-35.24377270122115,0.0
99149,SHAM,20.0,-0.9801666534703157,0.0
99149,SHAM,21.0,2.95528157809275,0.0
99149,SHAM,22.0,-4.818618454921091,0.0
99149,SHAM,23.0,0.5886744339375027,0.0
99149,SHAM,24.0,3.992547956411663,0.0
99149,SHAM,25.0,-1.5348292591885138,0.0
99149,SHAM,26.0,-9.915033947219545,0.0
99149,SHAM,27.0,4.572689049090273,0.0
99149,SHAM,28.0,2.4241604290290986,0.0
99149,SHAM,29.0,13.194588589536105,0.0
99149,SHAM,30.0,-5.984474562076036,0.0
99149,SHAM,31.0,-4.7602724558996945,0.0
99149,SHAM,32.0,3.2975696245022723,0.0
99149,SHAM,33.0,-4.3127508722708585,0.0
99149,SHAM,34.0,3.8159093921824705,0.0
99149,SHAM,35.0,-0.8730686145017652,0.0
99149,SHAM,36.0,-1.7667395950800882,0.0
99149,SHAM,37.0,-18.46203632517933,0.0
99149,SHAM,38.0,0.29617549060527715,0.0
99149,SHAM,39.0,2.249721701456353,0.0
99149,SHAM,40.0,9.148518877681521,0.0
99149,SHAM,41.0,-0.84935274061258,0.0
99149,SHAM,42.0,-6.27446324745336,0.0
99149,SHAM,43.0,-0.5628821465822609,0.0
99149,SHAM,44.0,-7.548011780077121,0.0
99149,SHAM,45.0,-8.759354321823256,0.0
99149,SHAM,46.0,1.443086176998104,0.0
99149,SHAM,47.0,27.918893789359245,0.0
99149,SHAM,48.0,-3.0464035823941806,0.0
99149,SHAM,49.0,-33.56351918499135,0.0
99149,SHAM,50.0,8.471391658604594,0.0
99149,SHAM,51.0,0.7795320312738887,0.0
99149,SHAM,52.0,-8.050691102061975,0.0
99149,SHAM,53.0,-2.219628877574614,0.0
99149,SHAM,54.0,-1.565007433875365,0.0
99149,SHAM,55.0,0.38618801599470953,0.0
99149,SHAM,56.0,-9.131781767434997,0.0
99149,SHAM,57.0,3.506054572974687,0.0
99149,SHAM,58.0,23.121044576337223,0.0
99149,SHAM,59.0,12.091740104953585,0.0
99149,SHAM,60.0,-20.565043582694152,0.0
99149,SHAM,61.0,1.7735722331361448,0.0
99149,SHAM,62.0,3.727023453708572,0.0
99149,SHAM,63.0,-4.298065215978772,0.0
99149,SHAM,64.0,0.7593954753851828,0.0
99149,SHAM,65.0,-1.6473577736870637,0.0
99149,SHAM,66.0,-1.1323576483300624,0.0
99149,SHAM,67.0,-7.937523913696472,0.0
99149,SHAM,68.0,4.432364039517067,0.0
99149,SHAM,69.0,4.011094681122762,0.0
99149,SHAM,70.0,11.07868872545158,0.0
99149,SHAM,71.0,-5.00126598304313,0.0
99149,SHAM,72.0,-2.146841857024595,0.0
99149,SHAM,73.0,2.4404063381477714,0.0
99149,SHAM,74.0,-5.007839424134055,0.0
99149,FIXED,15.0,-6.3319917447396845,0.035
99149,FIXED,16.0,2.2713242074804185,0.035
99149,FIXED,17.0,1.695639843530955,0.035
99149,FIXED,18.0,17.359067831075475,0.035
99149,FIXED,19.0,-20.62864971288065,0.035
99149,FIXED,20.0,-0.8099219304797234,0.035
99149,FIXED,21.0,2.720067278853233,0.035
99149,FIXED,22.0,-5.2182278779972044,0.035
99149,FIXED,23.0,0.6025001563963572,0.035
99149,FIXED,24.0,-2.678919780672567,0.035
99149,FIXED,25.0,-1.6097050325697138,0.035
99149,FIXED,26.0,-12.05684805241292,0.035
99149,FIXED,27.0,3.858717497673619,0.035
99149,FIXED,28.0,2.2457714365823556,0.035
99149,FIXED,29.0,12.607660611300824,0.035
99149,FIXED,30.0,-4.514439714363122,0.035
99149,FIXED,31.0,-3.853097690742846,0.035
99149,FIXED,32.0,3.107693661976396,0.035
99149,FIXED,33.0,-4.6910463708014465,0.035
99149,FIXED,34.0,3.179494551456108,0.035
99149,FIXED,35.0,-0.8387780195351302,0.035
99149,FIXED,36.0,-2.1394137635346175,0.035
99149,FIXED,37.0,4.648096199367635,0.035
99149,FIXED,38.0,-0.6096446263982536,0.035
99149,FIXED,39.0,2.180864756774165,0.035
99149,FIXED,40.0,8.436811639913493,0.035
99149,FIXED,41.0,-0.836884551912942,0.035
99149,FIXED,42.0,-5.4187879236516965,0.035
99149,FIXED,43.0,-0.47973677880792653,0.035
99149,FIXED,44.0,-9.975361731837749,0.035
99149,FIXED,45.0,-17.517081282151825,0.035
99149,FIXED,46.0,1.398469259308538,0.035
99149,FIXED,47.0,20.134447532500904,0.035
99149,FIXED,48.0,-2.9281096707809984,0.035
99149,FIXED,49.0,-31.262110356583744,0.035
99149,FIXED,50.0,8.32584316623604,0.035
99149,FIXED,51.0,4.363492553726372,0.035
99149,FIXED,52.0,3.9736454783801056,0.035
99149,FIXED,53.0,-3.234815961684878,0.035
99149,FIXED,54.0,-2.0090033569503674,0.035
99149,FIXED,55.0,0.14432771254689336,0.035
99149,FIXED,56.0,-11.539810960772225,0.035
99149,FIXED,57.0,3.2868768280549965,0.035
99149,FIXED,58.0,20.724613558612592,0.035
99149,FIXED,59.0,-0.9698883331335839,0.035
99149,FIXED,60.0,-11.02964083769412,0.035
99149,FIXED,61.0,1.0632010094843602,0.035
99149,FIXED,62.0,3.195564820171853,0.035
99149,FIXED,63.0,-4.494869905628376,0.035
99149,FIXED,64.0,0.7511078869026244,0.035
99149,FIXED,65.0,-1.8122648746409564,0.035
99149,FIXED,66.0,-1.5761641768894052,0.035
99149,FIXED,67.0,-8.16531202089271,0.035
99149,FIXED,68.0,3.121246532230859,0.035
99149,FIXED,69.0,2.9778332242264947,0.035
99149,FIXED,70.0,9.475913799674213,0.035
99149,FIXED,71.0,-4.027375443579839,0.035
99149,FIXED,72.0,-1.7159442707704975,0.035
99149,FIXED,73.0,0.8042018068548984,0.035
99149,FIXED,74.0,-5.536016201789557,0.035
99149,PHASE_LOCKED_FIXED,15.0,-6.400294424748676,0.0
99149,PHASE_LOCKED_FIXED,16.0,2.3291238288090597,0.0
99149,PHASE_LOCKED_FIXED,17.0,19.347230911177387,0.0
99149,PHASE_LOCKED_FIXED,18.0,18.377336185678132,0.035
99149,PHASE_LOCKED_FIXED,19.0,-35.24462480382735,0.0
99149,PHASE_LOCKED_FIXED,20.0,-0.9902142175173712,0.0
99149,PHASE_LOCKED_FIXED,21.0,2.955262185465124,0.0
99149,PHASE_LOCKED_FIXED,22.0,-4.81986190270796,0.0
99149,PHASE_LOCKED_FIXED,23.0,0.5612304330942175,0.0
99149,PHASE_LOCKED_FIXED,24.0,3.949898510222222,0.0
99149,PHASE_LOCKED_FIXED,25.0,-1.534944034020791,0.0
99149,PHASE_LOCKED_FIXED,26.0,-9.916842280380637,0.0
99149,PHASE_LOCKED_FIXED,27.0,4.571451006688826,0.0
99149,PHASE_LOCKED_FIXED,28.0,2.362096158919763,0.0
99149,PHASE_LOCKED_FIXED,29.0,13.306913506678097,0.035
99149,PHASE_LOCKED_FIXED,30.0,-5.984710215075256,0.0
99149,PHASE_LOCKED_FIXED,31.0,-4.773930780205343,0.0
99149,PHASE_LOCKED_FIXED,32.0,3.2339836921480183,0.0
99149,PHASE_LOCKED_FIXED,33.0,-4.312869660572407,0.0
99149,PHASE_LOCKED_FIXED,34.0,3.814125280852182,0.0
99149,PHASE_LOCKED_FIXED,35.0,-0.8862479300198012,0.0
99149,PHASE_LOCKED_FIXED,36.0,-1.7669017642324116,0.0
99149,PHASE_LOCKED_FIXED,37.0,-18.464773360217478,0.0
99149,PHASE_LOCKED_FIXED,38.0,0.2881974512379759,0.0
99149,PHASE_LOCKED_FIXED,39.0,2.379824253318769,0.035
99149,PHASE_LOCKED_FIXED,40.0,9.155325046500973,0.0
99149,PHASE_LOCKED_FIXED,41.0,-0.8495166823895728,0.0
99149,PHASE_LOCKED_FIXED,42.0,-6.28398484138879,0.0
99149,PHASE_LOCKED_FIXED,43.0,-0.5623508497774266,0.0
99149,PHASE_LOCKED_FIXED,44.0,-8.641787367332142,0.0
99149,PHASE_LOCKED_FIXED,45.0,-8.761374873609846,0.0
99149,PHASE_LOCKED_FIXED,46.0,1.4354080917923673,0.0
99149,PHASE_LOCKED_FIXED,47.0,27.918879539664577,0.035
99149,PHASE_LOCKED_FIXED,48.0,-3.0469236871268013,0.0
99149,PHASE_LOCKED_FIXED,49.0,-33.57395907323138,0.0
99149,PHASE_LOCKED_FIXED,50.0,8.351509398884522,0.0
99149,PHASE_LOCKED_FIXED,51.0,0.7792594053563411,0.0
99149,PHASE_LOCKED_FIXED,52.0,-8.051816480494756,0.0
99149,PHASE_LOCKED_FIXED,53.0,-2.233855519329314,0.0
99149,PHASE_LOCKED_FIXED,54.0,-1.5799928416615538,0.0
99149,PHASE_LOCKED_FIXED,55.0,0.05339047441349498,0.0
99149,PHASE_LOCKED_FIXED,56.0,-9.132605848778992,0.0
99149,PHASE_LOCKED_FIXED,57.0,3.504096849100724,0.0
99149,PHASE_LOCKED_FIXED,58.0,22.977994280838082,0.0
99149,PHASE_LOCKED_FIXED,59.0,12.379495472764019,0.035
99149,PHASE_LOCKED_FIXED,60.0,-20.566016016649446,0.0
99149,PHASE_LOCKED_FIXED,61.0,1.7744327341417288,0.0
99149,PHASE_LOCKED_FIXED,62.0,3.720228586638802,0.0
99149,PHASE_LOCKED_FIXED,63.0,-4.299460152112083,0.0
99149,PHASE_LOCKED_FIXED,64.0,0.7431007651129529,0.0
99149,PHASE_LOCKED_FIXED,65.0,-1.6684050924994254,0.0
99149,PHASE_LOCKED_FIXED,66.0,-1.2733710429369272,0.0
99149,PHASE_LOCKED_FIXED,67.0,-7.983430313771131,0.0
99149,PHASE_LOCKED_FIXED,68.0,4.432544430711954,0.0
99149,PHASE_LOCKED_FIXED,69.0,3.9863149131760425,0.0
99149,PHASE_LOCKED_FIXED,70.0,11.2167732945278,0.035
99149,PHASE_LOCKED_FIXED,71.0,-5.001581053587967,0.0
99149,PHASE_LOCKED_FIXED,72.0,-2.1608602880239136,0.0
99149,PHASE_LOCKED_FIXED,73.0,2.360147420643155,0.0
99149,PHASE_LOCKED_FIXED,74.0,-4.9621135567347805,0.0
99149,PHASE_LOCKED_ADAPTIVE,15.0,-6.400294424748676,0.0
99149,PHASE_LOCKED_ADAPTIVE,16.0,2.3291238288090597,0.0
99149,PHASE_LOCKED_ADAPTIVE,17.0,19.347230911177387,0.0
99149,PHASE_LOCKED_ADAPTIVE,18.0,18.377336185678132,0.035
99149,PHASE_LOCKED_ADAPTIVE,19.0,-35.24462480382735,0.0
99149,PHASE_LOCKED_ADAPTIVE,20.0,-0.9902142175173712,0.0
99149,PHASE_LOCKED_ADAPTIVE,21.0,2.955262185465124,0.0
99149,PHASE_LOCKED_ADAPTIVE,22.0,-4.820096070085543,0.0
99149,PHASE_LOCKED_ADAPTIVE,23.0,0.5562162895873968,0.0
99149,PHASE_LOCKED_ADAPTIVE,24.0,3.941856257549153,0.0
99149,PHASE_LOCKED_ADAPTIVE,25.0,-1.5349656726115934,0.0
99149,PHASE_LOCKED_ADAPTIVE,26.0,-9.917139804590157,0.0
99149,PHASE_LOCKED_ADAPTIVE,27.0,4.5712174815890405,0.0
99149,PHASE_LOCKED_ADAPTIVE,28.0,2.3508472163331406,0.0
99149,PHASE_LOCKED_ADAPTIVE,29.0,13.32791655402698,0.04216051719496303
99149,PHASE_LOCKED_ADAPTIVE,30.0,-5.9847545464556955,0.0
99149,PHASE_LOCKED_ADAPTIVE,31.0,-4.783154234940367,0.0
99149,PHASE_LOCKED_ADAPTIVE,32.0,3.2099315671624495,0.0
99149,PHASE_LOCKED_ADAPTIVE,33.0,-4.31291458843123,0.0
99149,PHASE_LOCKED_ADAPTIVE,34.0,3.813426131053421,0.0
99149,PHASE_LOCKED_ADAPTIVE,35.0,-0.8913792606534465,0.0
99149,PHASE_LOCKED_ADAPTIVE,36.0,-1.7669648170292125,0.0
99149,PHASE_LOCKED_ADAPTIVE,37.0,-18.465805423632904,0.0
99149,PHASE_LOCKED_ADAPTIVE,38.0,0.285093036106715,0.0
99149,PHASE_LOCKED_ADAPTIVE,39.0,2.4301581606958833,0.05
99149,PHASE_LOCKED_ADAPTIVE,40.0,9.1579791324162,0.0
99149,PHASE_LOCKED_ADAPTIVE,41.0,-0.8495804131326501,0.0
99149,PHASE_LOCKED_ADAPTIVE,42.0,-6.287411795633691,0.0
99149,PHASE_LOCKED_ADAPTIVE,43.0,-0.5622405788872353,0.0
99149,PHASE_LOCKED_ADAPTIVE,44.0,-9.36784798610033,0.0
99149,PHASE_LOCKED_ADAPTIVE,45.0,-8.76271731355323,0.0
99149,PHASE_LOCKED_ADAPTIVE,46.0,1.4325119556601762,0.0
99149,PHASE_LOCKED_ADAPTIVE,47.0,27.918874164749663,0.05
99149,PHASE_LOCKED_ADAPTIVE,48.0,-3.0471254509189025,0.0
99149,PHASE_LOCKED_ADAPTIVE,49.0,-33.57802194281203,0.0
99149,PHASE_LOCKED_ADAPTIVE,50.0,8.305964917375602,0.0
99149,PHASE_LOCKED_ADAPTIVE,51.0,0.7791562002457446,0.0
99149,PHASE_LOCKED_ADAPTIVE,52.0,-8.05225431649571,0.0
99149,PHASE_LOCKED_ADAPTIVE,53.0,-2.2393535732699754,0.0
99149,PHASE_LOCKED_ADAPTIVE,54.0,-1.5858312123669005,0.0
99149,PHASE_LOCKED_ADAPTIVE,55.0,-0.057584989085318616,0.0
99149,PHASE_LOCKED_ADAPTIVE,56.0,-9.132871786970869,0.0
99149,PHASE_LOCKED_ADAPTIVE,57.0,3.5033392434776323,0.0
99149,PHASE_LOCKED_ADAPTIVE,58.0,22.897683922300054,0.0
99149,PHASE_LOCKED_ADAPTIVE,59.0,12.490401991854554,0.05
99149,PHASE_LOCKED_ADAPTIVE,60.0,-20.566381672812824,0.0
99149,PHASE_LOCKED_ADAPTIVE,61.0,1.7748070353905132,0.0
99149,PHASE_LOCKED_ADAPTIVE,62.0,3.717700443980304,0.0
99149,PHASE_LOCKED_ADAPTIVE,63.0,-4.300002951363794,0.0
99149,PHASE_LOCKED_ADAPTIVE,64.0,0.7369237298559261,0.0
99149,PHASE_LOCKED_ADAPTIVE,65.0,-1.676622784011983,0.0
99149,PHASE_LOCKED_ADAPTIVE,66.0,-1.3268268598889632,0.0
99149,PHASE_LOCKED_ADAPTIVE,67.0,-8.006027356355926,0.0
99149,PHASE_LOCKED_ADAPTIVE,68.0,4.432613145979763,0.0
99149,PHASE_LOCKED_ADAPTIVE,69.0,3.977635958361919,0.0
99149,PHASE_LOCKED_ADAPTIVE,70.0,11.269438292731804,0.05
99149,PHASE_LOCKED_ADAPTIVE,71.0,-5.001702587896817,0.0
99149,PHASE_LOCKED_ADAPTIVE,72.0,-2.1688440731589873,0.0
99149,PHASE_LOCKED_ADAPTIVE,73.0,2.33023489288513,0.0
99149,PHASE_LOCKED_ADAPTIVE,74.0,-4.947178452524393,0.0
99149,PHASE_SHIFTED,15.0,-6.400294424748676,0.0
99149,PHASE_SHIFTED,16.0,2.5951704582921566,0.035
99149,PHASE_SHIFTED,17.0,19.631743165917893,0.035
99149,PHASE_SHIFTED,18.0,18.175844406804917,0.0
99149,PHASE_SHIFTED,19.0,-35.28349344743246,0.0
99149,PHASE_SHIFTED,20.0,-0.9802656551172628,0.0
99149,PHASE_SHIFTED,21.0,2.94293452033188,0.0
99149,PHASE_SHIFTED,22.0,-5.203302248270776,0.0
99149,PHASE_SHIFTED,23.0,0.5888826475015263,0.0
99149,PHASE_SHIFTED,24.0,-2.7583938450854326,0.0
99149,PHASE_SHIFTED,25.0,-1.5950542875400264,0.0
99149,PHASE_SHIFTED,26.0,-10.258313220864146,0.0
99149,PHASE_SHIFTED,27.0,4.643976769029629,0.04216051719496303
99149,PHASE_SHIFTED,28.0,2.423589415867733,0.0
99149,PHASE_SHIFTED,29.0,13.14190773166885,0.0
99149,PHASE_SHIFTED,30.0,-6.009935609526101,0.0
99149,PHASE_SHIFTED,31.0,-4.818097412249978,0.0
99149,PHASE_SHIFTED,32.0,3.2973495450051296,0.0
99149,PHASE_SHIFTED,33.0,-4.320176871383592,0.0
99149,PHASE_SHIFTED,34.0,3.971351097976694,0.05
99149,PHASE_SHIFTED,35.0,-0.8753713505517957,0.0
99149,PHASE_SHIFTED,36.0,-1.7500859809132323,0.0
99149,PHASE_SHIFTED,37.0,4.900752408743115,0.0
99149,PHASE_SHIFTED,38.0,-0.6606706948657615,0.0
99149,PHASE_SHIFTED,39.0,2.2409165574233727,0.0
99149,PHASE_SHIFTED,40.0,8.594454426385594,0.0
99149,PHASE_SHIFTED,41.0,-0.8839361539883073,0.0
99149,PHASE_SHIFTED,42.0,-4.938435636074534,0.05
99149,PHASE_SHIFTED,43.0,-0.6989276593991289,0.0
99149,PHASE_SHIFTED,44.0,-7.548328038339741,0.0
99149,PHASE_SHIFTED,45.0,-8.765779942426848,0.0
99149,PHASE_SHIFTED,46.0,1.586751138131337,0.05
99149,PHASE_SHIFTED,47.0,27.918312360396964,0.0
99149,PHASE_SHIFTED,48.0,-3.2298442317601426,0.0
99149,PHASE_SHIFTED,49.0,-33.563874797646825,0.0
99149,PHASE_SHIFTED,50.0,8.474841912828863,0.0
99149,PHASE_SHIFTED,51.0,4.8016362428263735,0.0
99149,PHASE_SHIFTED,52.0,-8.285682856262612,0.0
99149,PHASE_SHIFTED,53.0,-2.21944579019166,0.0
99149,PHASE_SHIFTED,54.0,9.139750997030466,0.0
99149,PHASE_SHIFTED,55.0,0.3914994426439222,0.0
99149,PHASE_SHIFTED,56.0,-9.136245026602994,0.0
99149,PHASE_SHIFTED,57.0,3.5594626015755138,0.05
99149,PHASE_SHIFTED,58.0,23.20578127577416,0.05
99149,PHASE_SHIFTED,59.0,12.091353831201712,0.0
99149,PHASE_SHIFTED,60.0,-20.57340627832848,0.0
99149,PHASE_SHIFTED,61.0,1.7024626960471745,0.0
99149,PHASE_SHIFTED,62.0,3.9391213823134708,0.05
99149,PHASE_SHIFTED,63.0,-3.877313896443409,0.05
99149,PHASE_SHIFTED,64.0,0.759733586472694,0.0
99149,PHASE_SHIFTED,65.0,-1.7970055145002994,0.0
99149,PHASE_SHIFTED,66.0,-1.5080611275125944,0.0
99149,PHASE_SHIFTED,67.0,-7.980097745371122,0.0
99149,PHASE_SHIFTED,68.0,4.306609270942468,0.0
99149,PHASE_SHIFTED,69.0,3.9878275878477085,0.0
99149,PHASE_SHIFTED,70.0,11.078575240145428,0.0
99149,PHASE_SHIFTED,71.0,-5.015004621007579,0.0
99149,PHASE_SHIFTED,72.0,-2.1889332374840698,0.0
99149,PHASE_SHIFTED,73.0,2.440306365990846,0.0
99149,PHASE_SHIFTED,74.0,-5.010779186686049,0.0
