draw_index,role,simulator_seed,posterior_sample_seed,member_index,track
0,primary,9851016,9841016,5,7d
1,primary,9955745,9841016,5,7d
2,primary,10060474,9841016,5,7d
3,primary,10165203,9841016,5,7d
4,primary,10269932,9841016,5,7d
5,primary,10374661,9841016,5,7d
6,primary,10479390,9841016,5,7d
7,primary,10584119,9841016,5,7d
8,primary,10688848,9841016,5,7d
9,primary,10793577,9841016,5,7d
10,primary,10898306,9841016,5,7d
11,primary,11003035,9841016,5,7d
12,primary,11107764,9841016,5,7d
13,primary,11212493,9841016,5,7d
14,primary,11317222,9841016,5,7d
15,primary,11421951,9841016,5,7d
16,primary,11526680,9841016,5,7d
17,primary,11631409,9841016,5,7d
18,primary,11736138,9841016,5,7d
19,primary,11840867,9841016,5,7d
20,primary,11945596,9841016,5,7d
21,primary,12050325,9841016,5,7d
22,primary,12155054,9841016,5,7d
23,primary,12259783,9841016,5,7d
24,primary,12364512,9841016,5,7d
25,primary,12469241,9841016,5,7d
26,primary,12573970,9841016,5,7d
27,primary,12678699,9841016,5,7d
28,primary,12783428,9841016,5,7d
29,primary,12888157,9841016,5,7d
30,primary,12992886,9841016,5,7d
31,primary,13097615,9841016,5,7d
32,primary,13202344,9841016,5,7d
33,primary,13307073,9841016,5,7d
34,primary,13411802,9841016,5,7d
35,primary,13516531,9841016,5,7d
36,primary,13621260,9841016,5,7d
37,primary,13725989,9841016,5,7d
38,primary,13830718,9841016,5,7d
39,primary,13935447,9841016,5,7d
40,primary,14040176,9841016,5,7d
41,primary,14144905,9841016,5,7d
42,primary,14249634,9841016,5,7d
43,primary,14354363,9841016,5,7d
44,primary,14459092,9841016,5,7d
45,primary,14563821,9841016,5,7d
46,primary,14668550,9841016,5,7d
47,primary,14773279,9841016,5,7d
48,primary,14878008,9841016,5,7d
49,primary,14982737,9841016,5,7d
50,primary,15087466,9841016,5,7d
51,primary,15192195,9841016,5,7d
52,primary,15296924,9841016,5,7d
53,primary,15401653,9841016,5,7d
54,primary,15506382,9841016,5,7d
55,primary,15611111,9841016,5,7d
56,primary,15715840,9841016,5,7d
57,primary,15820569,9841016,5,7d
58,primary,15925298,9841016,5,7d
59,primary,16030027,9841016,5,7d
60,primary,16134756,9841016,5,7d
61,primary,16239485,9841016,5,7d
62,primary,16344214,9841016,5,7d
63,primary,16448943,9841016,5,7d
64,primary,16553672,9841016,5,7d
65,primary,16658401,9841016,5,7d
66,primary,16763130,9841016,5,7d
67,primary,16867859,9841016,5,7d
68,primary,16972588,9841016,5,7d
69,primary,17077317,9841016,5,7d
70,primary,17182046,9841016,5,7d
71,primary,17286775,9841016,5,7d
72,primary,17391504,9841016,5,7d
73,primary,17496233,9841016,5,7d
74,primary,17600962,9841016,5,7d
75,primary,17705691,9841016,5,7d
76,primary,17810420,9841016,5,7d
77,primary,17915149,9841016,5,7d
78,primary,18019878,9841016,5,7d
79,primary,18124607,9841016,5,7d
80,primary,18229336,9841016,5,7d
81,primary,18334065,9841016,5,7d
82,primary,18438794,9841016,5,7d
83,primary,18543523,9841016,5,7d
84,primary,18648252,9841016,5,7d
85,primary,18752981,9841016,5,7d
86,primary,18857710,9841016,5,7d
87,primary,18962439,9841016,5,7d
88,primary,19067168,9841016,5,7d
89,primary,19171897,9841016,5,7d
90,primary,19276626,9841016,5,7d
91,primary,19381355,9841016,5,7d
92,primary,19486084,9841016,5,7d
93,primary,19590813,9841016,5,7d
94,primary,19695542,9841016,5,7d
95,primary,19800271,9841016,5,7d
96,primary,19905000,9841016,5,7d
97,primary,20009729,9841016,5,7d
98,primary,20114458,9841016,5,7d
99,primary,20219187,9841016,5,7d
100,primary,20323916,9841016,5,7d
101,primary,20428645,9841016,5,7d
102,primary,20533374,9841016,5,7d
103,primary,20638103,9841016,5,7d
104,primary,20742832,9841016,5,7d
105,primary,20847561,9841016,5,7d
106,primary,20952290,9841016,5,7d
107,primary,21057019,9841016,5,7d
108,primary,21161748,9841016,5,7d
109,primary,21266477,9841016,5,7d
110,primary,21371206,9841016,5,7d
111,primary,21475935,9841016,5,7d
112,primary,21580664,9841016,5,7d
113,primary,21685393,9841016,5,7d
114,primary,21790122,9841016,5,7d
115,primary,21894851,9841016,5,7d
116,primary,21999580,9841016,5,7d
117,primary,22104309,9841016,5,7d
118,primary,22209038,9841016,5,7d
119,primary,22313767,9841016,5,7d
120,primary,22418496,9841016,5,7d
121,primary,22523225,9841016,5,7d
122,primary,22627954,9841016,5,7d
123,primary,22732683,9841016,5,7d
124,primary,22837412,9841016,5,7d
125,primary,22942141,9841016,5,7d
126,primary,23046870,9841016,5,7d
127,primary,23151599,9841016,5,7d
128,primary,23256328,9841016,5,7d
129,primary,23361057,9841016,5,7d
130,primary,23465786,9841016,5,7d
131,primary,23570515,9841016,5,7d
132,primary,23675244,9841016,5,7d
133,primary,23779973,9841016,5,7d
134,primary,23884702,9841016,5,7d
135,primary,23989431,9841016,5,7d
136,primary,24094160,9841016,5,7d
137,primary,24198889,9841016,5,7d
138,primary,24303618,9841016,5,7d
139,primary,24408347,9841016,5,7d
140,primary,24513076,9841016,5,7d
141,primary,24617805,9841016,5,7d
142,primary,24722534,9841016,5,7d
143,primary,24827263,9841016,5,7d
144,primary,24931992,9841016,5,7d
145,primary,25036721,9841016,5,7d
146,primary,25141450,9841016,5,7d
147,primary,25246179,9841016,5,7d
148,primary,25350908,9841016,5,7d
149,primary,25455637,9841016,5,7d
150,primary,25560366,9841016,5,7d
151,primary,25665095,9841016,5,7d
152,primary,25769824,9841016,5,7d
153,primary,25874553,9841016,5,7d
154,primary,25979282,9841016,5,7d
155,primary,26084011,9841016,5,7d
156,primary,26188740,9841016,5,7d
157,primary,26293469,9841016,5,7d
158,primary,26398198,9841016,5,7d
159,primary,26502927,9841016,5,7d
160,primary,26607656,9841016,5,7d
161,primary,26712385,9841016,5,7d
162,primary,26817114,9841016,5,7d
163,primary,26921843,9841016,5,7d
164,primary,27026572,9841016,5,7d
165,primary,27131301,9841016,5,7d
166,primary,27236030,9841016,5,7d
167,primary,27340759,9841016,5,7d
168,primary,27445488,9841016,5,7d
169,primary,27550217,9841016,5,7d
170,primary,27654946,9841016,5,7d
171,primary,27759675,9841016,5,7d
172,primary,27864404,9841016,5,7d
173,primary,27969133,9841016,5,7d
174,primary,28073862,9841016,5,7d
175,primary,28178591,9841016,5,7d
176,primary,28283320,9841016,5,7d
177,primary,28388049,9841016,5,7d
178,primary,28492778,9841016,5,7d
179,primary,28597507,9841016,5,7d
180,primary,28702236,9841016,5,7d
181,primary,28806965,9841016,5,7d
182,primary,28911694,9841016,5,7d
183,primary,29016423,9841016,5,7d
184,primary,29121152,9841016,5,7d
185,primary,29225881,9841016,5,7d
186,primary,29330610,9841016,5,7d
187,primary,29435339,9841016,5,7d
188,primary,29540068,9841016,5,7d
189,primary,29644797,9841016,5,7d
190,primary,29749526,9841016,5,7d
191,primary,29854255,9841016,5,7d
192,primary,29958984,9841016,5,7d
193,primary,30063713,9841016,5,7d
194,primary,30168442,9841016,5,7d
195,primary,30273171,9841016,5,7d
196,primary,30377900,9841016,5,7d
197,primary,30482629,9841016,5,7d
198,primary,30587358,9841016,5,7d
199,primary,30692087,9841016,5,7d
200,primary,30796816,9841016,5,7d
201,primary,30901545,9841016,5,7d
202,primary,31006274,9841016,5,7d
203,primary,31111003,9841016,5,7d
204,primary,31215732,9841016,5,7d
205,primary,31320461,9841016,5,7d
206,primary,31425190,9841016,5,7d
207,primary,31529919,9841016,5,7d
208,primary,31634648,9841016,5,7d
209,primary,31739377,9841016,5,7d
210,primary,31844106,9841016,5,7d
211,primary,31948835,9841016,5,7d
212,primary,32053564,9841016,5,7d
213,primary,32158293,9841016,5,7d
214,primary,32263022,9841016,5,7d
215,primary,32367751,9841016,5,7d
216,primary,32472480,9841016,5,7d
217,primary,32577209,9841016,5,7d
218,primary,32681938,9841016,5,7d
219,primary,32786667,9841016,5,7d
220,primary,32891396,9841016,5,7d
221,primary,32996125,9841016,5,7d
222,primary,33100854,9841016,5,7d
223,primary,33205583,9841016,5,7d
224,primary,33310312,9841016,5,7d
225,primary,33415041,9841016,5,7d
226,primary,33519770,9841016,5,7d
227,primary,33624499,9841016,5,7d
228,primary,33729228,9841016,5,7d
229,primary,33833957,9841016,5,7d
230,primary,33938686,9841016,5,7d
231,primary,34043415,9841016,5,7d
232,primary,34148144,9841016,5,7d
233,primary,34252873,9841016,5,7d
234,primary,34357602,9841016,5,7d
235,primary,34462331,9841016,5,7d
236,primary,34567060,9841016,5,7d
237,primary,34671789,9841016,5,7d
238,primary,34776518,9841016,5,7d
239,primary,34881247,9841016,5,7d
240,primary,34985976,9841016,5,7d
241,primary,35090705,9841016,5,7d
242,primary,35195434,9841016,5,7d
243,primary,35300163,9841016,5,7d
244,primary,35404892,9841016,5,7d
245,primary,35509621,9841016,5,7d
246,primary,35614350,9841016,5,7d
247,primary,35719079,9841016,5,7d
248,primary,35823808,9841016,5,7d
249,primary,35928537,9841016,5,7d
250,primary,36033266,9841016,5,7d
251,primary,36137995,9841016,5,7d
252,primary,36242724,9841016,5,7d
253,primary,36347453,9841016,5,7d
254,primary,36452182,9841016,5,7d
255,primary,36556911,9841016,5,7d
256,reserve,36661640,9841016,5,7d
257,reserve,36766369,9841016,5,7d
258,reserve,36871098,9841016,5,7d
259,reserve,36975827,9841016,5,7d
260,reserve,37080556,9841016,5,7d
261,reserve,37185285,9841016,5,7d
262,reserve,37290014,9841016,5,7d
263,reserve,37394743,9841016,5,7d
264,reserve,37499472,9841016,5,7d
265,reserve,37604201,9841016,5,7d
266,reserve,37708930,9841016,5,7d
267,reserve,37813659,9841016,5,7d
268,reserve,37918388,9841016,5,7d
269,reserve,38023117,9841016,5,7d
270,reserve,38127846,9841016,5,7d
271,reserve,38232575,9841016,5,7d
272,reserve,38337304,9841016,5,7d
273,reserve,38442033,9841016,5,7d
274,reserve,38546762,9841016,5,7d
275,reserve,38651491,9841016,5,7d
276,reserve,38756220,9841016,5,7d
277,reserve,38860949,9841016,5,7d
278,reserve,38965678,9841016,5,7d
279,reserve,39070407,9841016,5,7d
280,reserve,39175136,9841016,5,7d
281,reserve,39279865,9841016,5,7d
282,reserve,39384594,9841016,5,7d
283,reserve,39489323,9841016,5,7d
284,reserve,39594052,9841016,5,7d
285,reserve,39698781,9841016,5,7d
286,reserve,39803510,9841016,5,7d
287,reserve,39908239,9841016,5,7d
288,reserve,40012968,9841016,5,7d
289,reserve,40117697,9841016,5,7d
290,reserve,40222426,9841016,5,7d
291,reserve,40327155,9841016,5,7d
292,reserve,40431884,9841016,5,7d
293,reserve,40536613,9841016,5,7d
294,reserve,40641342,9841016,5,7d
295,reserve,40746071,9841016,5,7d
296,reserve,40850800,9841016,5,7d
297,reserve,40955529,9841016,5,7d
298,reserve,41060258,9841016,5,7d
299,reserve,41164987,9841016,5,7d
300,reserve,41269716,9841016,5,7d
301,reserve,41374445,9841016,5,7d
302,reserve,41479174,9841016,5,7d
303,reserve,41583903,9841016,5,7d
304,reserve,41688632,9841016,5,7d
305,reserve,41793361,9841016,5,7d
306,reserve,41898090,9841016,5,7d
307,reserve,42002819,9841016,5,7d
308,reserve,42107548,9841016,5,7d
309,reserve,42212277,9841016,5,7d
310,reserve,42317006,9841016,5,7d
311,reserve,42421735,9841016,5,7d
312,reserve,42526464,9841016,5,7d
313,reserve,42631193,9841016,5,7d
314,reserve,42735922,9841016,5,7d
315,reserve,42840651,9841016,5,7d
316,reserve,42945380,9841016,5,7d
317,reserve,43050109,9841016,5,7d
318,reserve,43154838,9841016,5,7d
319,reserve,43259567,9841016,5,7d
