eval,score,failed_constraint,c_th2ctx,c_ctx2th,T4_q,T6_ibi_cv,T8_n_sp_events,T12_n_verified,T13_n_ctx_events,T13_n_ctx_verified,T13_ctx_verified_density_per_min,shape_r,so_power,thal_spindle_power,ctx_spindle_power
48,-0.421538,T6,0.0293316966877503,0.1318305472764198,3.438,0.548,14,10,2,1,1.091,0.0,0.0,0.0,0.0
148,-0.769231,T13,0.0183269481548095,0.0826698996560287,2.164,0.398,23,9,1,0,0.0,0.0,0.0,0.0,0.0
199,-0.769231,T13,0.0324638927733084,0.123069272315586,3.492,0.389,20,10,6,0,0.0,0.0,0.0,0.0,0.0
287,-0.769231,T13,0.029982733746467,0.1805586919658994,2.567,0.175,17,14,4,0,0.0,0.0,0.0,0.0,0.0
326,-0.769231,T13,0.0189601837776432,0.1290545256304285,2.22,0.308,19,13,0,0,0.0,0.0,0.0,0.0,0.0
531,-0.769231,T13,0.0071026810163418,0.1094527015273016,2.479,0.243,20,13,0,0,0.0,0.0,0.0,0.0,0.0
538,-0.769231,T13,0.0310007101649246,0.0601566632317061,2.308,0.397,17,9,0,0,0.0,0.0,0.0,0.0,0.0
585,-0.769231,T13,0.0208044070952597,0.089479891388354,2.893,0.361,29,8,1,0,0.0,0.0,0.0,0.0,0.0
735,-0.769231,T13,0.0463234544966293,0.1446372344614181,2.695,0.397,13,6,2,0,0.0,0.0,0.0,0.0,0.0
902,-0.769231,T13,0.0178030270342277,0.1411132243252786,2.313,0.391,24,12,0,0,0.0,0.0,0.0,0.0,0.0
938,-0.769231,T13,0.0201849983722642,0.1800480523490328,3.479,0.334,26,16,1,0,0.0,0.0,0.0,0.0,0.0
980,-0.769231,T13,0.0057547901092503,0.1542564513126457,3.107,0.312,27,10,0,0,0.0,0.0,0.0,0.0,0.0
1037,-0.769231,T13,0.0167693321439689,0.1225560807569256,2.46,0.391,20,20,3,0,0.0,0.0,0.0,0.0,0.0
1068,-0.769231,T13,0.022402437300678,0.0770863078300442,2.937,0.371,19,18,3,0,0.0,0.0,0.0,0.0,0.0
1073,-0.769231,T13,0.0205891681564535,0.0809166363505921,3.231,0.398,23,16,2,0,0.0,0.0,0.0,0.0,0.0
1127,-0.769231,T13,0.0215074979696513,0.1398145176508056,3.61,0.366,30,6,4,0,0.0,0.0,0.0,0.0,0.0
1133,-0.769231,T13,0.0219569156230849,0.1039050320355192,3.247,0.384,19,18,1,0,0.0,0.0,0.0,0.0,0.0
1137,-0.769231,T13,0.0051211695362037,0.1673140612130624,3.415,0.359,17,17,0,0,0.0,0.0,0.0,0.0,0.0
1153,-0.769231,T13,0.0250301199175821,0.1392393752639684,2.922,0.368,19,17,0,0,0.0,0.0,0.0,0.0,0.0
1284,-0.769231,T13,0.0476953712864895,0.1024073973192843,2.543,0.384,25,25,2,0,0.0,0.0,0.0,0.0,0.0
1447,-0.769231,T13,0.0215074979696513,0.1398145176508056,4.117,0.395,23,8,4,0,0.0,0.0,0.0,0.0,0.0
1465,-0.769231,T13,0.0141955120496105,0.1011128231041768,2.975,0.368,21,16,2,0,0.0,0.0,0.0,0.0,0.0
1494,-0.769231,T13,0.0224419734131121,0.1232875637639632,4.257,0.295,10,8,3,0,0.0,0.0,0.0,0.0,0.0
1733,-0.769231,T13,0.0139305119787659,0.0987846266297155,3.455,0.328,17,15,0,0,0.0,0.0,0.0,0.0,0.0
1764,-0.769231,T13,0.022590788665405,0.070914435744891,2.355,0.391,28,10,0,0,0.0,0.0,0.0,0.0,0.0
1813,-0.769231,T13,0.0287024805551395,0.0874045002935063,2.385,0.307,18,15,2,0,0.0,0.0,0.0,0.0,0.0
1831,-0.769231,T13,0.0215460164480137,0.0954748583842951,2.658,0.354,25,15,0,0,0.0,0.0,0.0,0.0,0.0
1835,-0.769231,T13,0.03167756162571,0.1012261577017434,2.574,0.371,15,13,1,0,0.0,0.0,0.0,0.0,0.0
1954,-0.769231,T13,0.0169487256342622,0.0996936953584624,2.657,0.339,19,19,2,0,0.0,0.0,0.0,0.0,0.0
1972,-0.769231,T13,0.0368901907162198,0.128922224504907,4.154,0.372,15,7,3,0,0.0,0.0,0.0,0.0,0.0
1995,-0.769231,T13,0.0297515524287179,0.0962935367913865,2.469,0.341,22,12,3,0,0.0,0.0,0.0,0.0,0.0
2035,-0.769231,T13,0.0143744564569436,0.1984336027695702,2.575,0.386,25,25,2,0,0.0,0.0,0.0,0.0,0.0
2073,-0.769231,T13,0.0001752861800167,0.2083067568240704,3.494,0.283,22,16,0,0,0.0,0.0,0.0,0.0,0.0
2074,-0.769231,T13,0.0310701220347754,0.1494066860469254,2.074,0.367,22,6,5,0,0.0,0.0,0.0,0.0,0.0
2086,-0.769231,T13,0.0131488250031459,0.1319060472853462,3.995,0.378,15,9,1,0,0.0,0.0,0.0,0.0,0.0
2114,-0.769231,T13,0.0169487256342622,0.0996936953584624,4.674,0.347,8,8,1,0,0.0,0.0,0.0,0.0,0.0
2122,-0.769231,T13,0.0319904640202365,0.0821275469664389,2.981,0.373,19,13,1,0,0.0,0.0,0.0,0.0,0.0
2406,-0.769231,T13,0.0290676789922196,0.1705069685339287,3.076,0.375,18,9,3,0,0.0,0.0,0.0,0.0,0.0
2411,-0.769231,T13,0.0171252063054191,0.0827281135612036,2.799,0.397,15,11,0,0,0.0,0.0,0.0,0.0,0.0
2471,-0.769231,T13,0.0244855055606981,0.0505744314536804,2.374,0.361,19,5,5,0,0.0,0.0,0.0,0.0,0.0
2482,-0.769231,T13,0.0142349649881936,0.1757967914283368,2.814,0.287,19,16,3,0,0.0,0.0,0.0,0.0,0.0
2496,-0.769231,T13,0.0159935746150972,0.1558065483449,3.219,0.36,24,13,0,0,0.0,0.0,0.0,0.0,0.0
2502,-0.769231,T13,0.0157283526385115,0.1047126310916089,2.707,0.337,23,19,0,0,0.0,0.0,0.0,0.0,0.0
2515,-0.769231,T13,0.0118581246886741,0.1932612001634163,3.097,0.376,26,16,0,0,0.0,0.0,0.0,0.0,0.0
2531,-0.769231,T13,0.0182229682528469,0.130499362240702,3.184,0.344,24,10,0,0,0.0,0.0,0.0,0.0,0.0
2576,-0.769231,T13,0.0235958269818408,0.1309951124395816,4.259,0.377,13,10,3,0,0.0,0.0,0.0,0.0,0.0
2608,-0.769231,T13,0.0288361696254291,0.102180416598234,3.647,0.399,23,20,1,0,0.0,0.0,0.0,0.0,0.0
2700,-0.769231,T13,0.0339338937163132,0.0595748558873299,2.871,0.356,16,12,4,0,0.0,0.0,0.0,0.0,0.0
2735,-0.769231,T13,0.0193711687583122,0.1240607647689655,3.204,0.371,20,10,1,0,0.0,0.0,0.0,0.0,0.0
2822,-0.769231,T13,0.0157283526385115,0.0809526918307138,3.595,0.398,21,15,1,0,0.0,0.0,0.0,0.0,0.0
3053,-0.769231,T13,0.0219569156230849,0.1551299647165518,3.432,0.38,20,18,1,0,0.0,0.0,0.0,0.0,0.0
3081,-0.769231,T13,0.0138393764781742,0.1450733080978151,2.575,0.178,23,22,3,0,0.0,0.0,0.0,0.0,0.0
3115,-0.769231,T13,0.0117921627669642,0.1029103404412201,3.3,0.232,25,20,1,0,0.0,0.0,0.0,0.0,0.0
3181,-0.769231,T13,0.0222715335628076,0.1532077264863691,2.929,0.382,20,14,0,0,0.0,0.0,0.0,0.0,0.0
3214,-0.769231,T13,0.016684276448857,0.1600350813268817,3.301,0.374,22,20,0,0,0.0,0.0,0.0,0.0,0.0
3218,-0.769231,T13,0.0210378611624353,0.1308552513731128,2.574,0.346,25,15,1,0,0.0,0.0,0.0,0.0,0.0
3224,-0.769231,T13,0.0231837830794815,0.0611794170701877,2.455,0.332,19,14,1,0,0.0,0.0,0.0,0.0,0.0
3260,-0.769231,T13,0.0195325758137091,0.1752225098126877,3.245,0.364,19,14,1,0,0.0,0.0,0.0,0.0,0.0
3268,-0.769231,T13,0.0171244555467084,0.1558392411519807,3.578,0.373,22,18,1,0,0.0,0.0,0.0,0.0,0.0
3281,-0.769231,T13,0.0167392056614775,0.0832488069590561,4.531,0.4,24,12,0,0,0.0,0.0,0.0,0.0,0.0
3299,-0.769231,T13,0.0184718699876492,0.1807746492129757,3.629,0.347,19,10,0,0,0.0,0.0,0.0,0.0,0.0
3305,-0.769231,T13,0.0208044070952597,0.1686169702969091,2.887,0.342,11,11,0,0,0.0,0.0,0.0,0.0,0.0
3373,-0.769231,T13,0.0257861770968556,0.1737096945851826,2.042,0.39,19,18,1,0,0.0,0.0,0.0,0.0,0.0
3384,-0.769231,T13,0.0222456899585281,0.1416812357525217,3.307,0.389,24,17,0,0,0.0,0.0,0.0,0.0,0.0
3399,-0.769231,T13,0.0094944657878854,0.123069272315586,2.52,0.328,18,12,0,0,0.0,0.0,0.0,0.0,0.0
3452,-0.769231,T13,0.0360271496699933,0.2026828417561438,3.34,0.382,24,24,2,0,0.0,0.0,0.0,0.0,0.0
3463,-0.769231,T13,0.0227717608664022,0.0560345879268853,3.529,0.333,18,18,1,0,0.0,0.0,0.0,0.0,0.0
3493,-0.769231,T13,0.0207707779901037,0.1488326099489233,2.657,0.392,22,15,0,0,0.0,0.0,0.0,0.0,0.0
3548,-0.769231,T13,0.0249171230841486,0.1440719845254901,2.752,0.307,24,19,1,0,0.0,0.0,0.0,0.0,0.0
3609,-0.769231,T13,0.0269439211436204,0.1176476712083735,2.633,0.334,20,9,1,0,0.0,0.0,0.0,0.0,0.0
3632,-0.769231,T13,0.0391878799701248,0.1850257277186896,2.877,0.35,20,9,4,0,0.0,0.0,0.0,0.0,0.0
3691,-0.769231,T13,0.0118807685537524,0.126987983308975,2.766,0.355,19,17,1,0,0.0,0.0,0.0,0.0,0.0
3731,-0.769231,T13,0.0436770388168388,0.0734194534180212,2.214,0.394,23,15,3,0,0.0,0.0,0.0,0.0,0.0
3738,-0.769231,T13,0.0310007101649246,0.1454881528064735,3.105,0.374,18,5,1,0,0.0,0.0,0.0,0.0,0.0
3764,-0.769231,T13,0.0249955302518001,0.15302832609261,3.342,0.398,16,14,2,0,0.0,0.0,0.0,0.0,0.0
3773,-0.769231,T13,0.0099649708807382,0.157296292416806,3.89,0.203,21,15,0,0,0.0,0.0,0.0,0.0,0.0
3833,-0.769231,T13,0.0122512109561572,0.141314765984661,4.65,0.374,21,9,0,0,0.0,0.0,0.0,0.0,0.0
3862,-0.769231,T13,0.0262822106889673,0.1212685827417255,2.531,0.364,23,17,1,0,0.0,0.0,0.0,0.0,0.0
3864,-0.769231,T13,0.0282589066420846,0.1416812357525217,4.062,0.332,21,16,1,0,0.0,0.0,0.0,0.0,0.0
3904,-0.769231,T13,0.0314094625245603,0.0879419327107008,2.087,0.39,20,10,9,0,0.0,0.0,0.0,0.0,0.0
3909,-0.769231,T13,0.028456610026207,0.1318649786459738,2.852,0.378,22,14,1,0,0.0,0.0,0.0,0.0,0.0
3925,-0.769231,T13,0.0422203840806678,0.1357389924491144,3.068,0.394,19,10,7,0,0.0,0.0,0.0,0.0,0.0
4039,-0.769231,T13,0.0215493671200534,0.123069272315586,2.824,0.356,25,21,0,0,0.0,0.0,0.0,0.0,0.0
4175,-0.769231,T13,0.0324674763297994,0.1356395930051583,2.966,0.389,19,9,0,0,0.0,0.0,0.0,0.0,0.0
4185,-0.769231,T13,0.0285039708072579,0.0773510813769529,2.972,0.348,19,14,2,0,0.0,0.0,0.0,0.0,0.0
4267,-0.769231,T13,0.0344521457350914,0.1493897574143754,3.048,0.395,22,12,5,0,0.0,0.0,0.0,0.0,0.0
4287,-0.769231,T13,0.029982733746467,0.1805586919658994,2.18,0.386,17,15,1,0,0.0,0.0,0.0,0.0,0.0
4299,-0.769231,T13,0.0250867537356956,0.1321022486943776,3.711,0.393,23,20,0,0,0.0,0.0,0.0,0.0,0.0
4301,-0.769231,T13,0.0269098086859379,0.1532077264863691,2.58,0.397,19,14,0,0,0.0,0.0,0.0,0.0,0.0
4544,-0.769231,T13,0.0314094625245603,0.1017826763067497,3.319,0.392,26,25,3,0,0.0,0.0,0.0,0.0,0.0
4545,-0.769231,T13,0.0298643749461934,0.1627527976449691,2.815,0.381,22,16,1,0,0.0,0.0,0.0,0.0,0.0
4557,-0.769231,T13,0.0328414625888113,0.1132490709439079,2.606,0.394,24,12,2,0,0.0,0.0,0.0,0.0,0.0
4568,-0.769231,T13,0.0096559147052729,0.1250763767150129,4.054,0.377,18,18,0,0,0.0,0.0,0.0,0.0,0.0
4577,-0.769231,T13,0.0261334082205288,0.2067994746353363,2.661,0.399,15,14,1,0,0.0,0.0,0.0,0.0,0.0
4621,-0.769231,T13,0.0218105196763076,0.1743985482571818,3.337,0.364,25,11,1,0,0.0,0.0,0.0,0.0,0.0
4628,-0.769231,T13,0.019851122937012,0.0753286788054914,2.541,0.387,15,13,1,0,0.0,0.0,0.0,0.0,0.0
4640,-0.769231,T13,0.0299366519326225,0.1877675195012724,3.675,0.368,21,18,1,0,0.0,0.0,0.0,0.0,0.0
4703,-0.769231,T13,0.0259062096763758,0.1227158935901906,2.788,0.366,19,19,1,0,0.0,0.0,0.0,0.0,0.0
4763,-0.769231,T13,0.0127437471880482,0.1479830751338736,2.3,0.399,17,8,0,0,0.0,0.0,0.0,0.0,0.0
4781,-0.769231,T13,0.0218105196763076,0.1311306524061451,3.291,0.354,23,20,1,0,0.0,0.0,0.0,0.0,0.0
4782,-0.769231,T13,0.0195761214876783,0.0961213611690702,3.725,0.363,19,12,0,0,0.0,0.0,0.0,0.0,0.0
4839,-0.769231,T13,0.0150790338923822,0.089499581741899,2.209,0.375,27,23,0,0,0.0,0.0,0.0,0.0,0.0
4841,-0.769231,T13,0.0366209366577721,0.1292738076339675,2.082,0.397,26,11,2,0,0.0,0.0,0.0,0.0,0.0
4881,-0.769231,T13,0.0167392056614775,0.0832488069590561,3.916,0.35,22,20,2,0,0.0,0.0,0.0,0.0,0.0
4905,-0.769231,T13,0.026838195332284,0.0700173293655402,2.839,0.389,20,20,2,0,0.0,0.0,0.0,0.0,0.0
